"","X","ID","DATE","DAY","MONTH","YEAR","TIME","LAT","LONG","ROWID","testDate","Season"
"1",15,"X10695","5-29-91",29,"May",1991,"0:41",62.567,-75.833,16,"1991-05-29","break"
"2",16,"X10695","5-30-91",30,"May",1991,"22:11",63.2,-75.967,17,"1991-05-30","break"
"3",17,"X10695","5-31-91",31,"May",1991,"23:30",63.417,-75.883,18,"1991-05-31","break"
"4",18,"X10695","6-01-91",1,"June",1991,"1:09",63.4,-75.95,19,"1991-06-01","break"
"5",19,"X10695","6-02-91",2,"June",1991,"22:43",63.8,-76.183,21,"1991-06-02","break"
"6",20,"X10695","6-10-91",10,"June",1991,"22:55",64.217,-79.183,22,"1991-06-10","break"
"7",21,"X10695","6-19-91",19,"June",1991,"0:49",65.883,-79.317,23,"1991-06-19","break"
"8",22,"X10695","6-27-91",27,"June",1991,"1:03",67.533,-77.333,24,"1991-06-27","break"
"9",23,"X10695","7-05-91",5,"July",1991,"22:25",66.233,-77.7,25,"1991-07-05","break"
"10",24,"X10695","7-08-91",8,"July",1991,"23:43",66.067,-78,26,"1991-07-08","break"
"11",25,"X10695","7-16-91",16,"July",1991,"22:18",65.417,-80.867,27,"1991-07-16","break"
"12",121,"X10707","5-14-92",14,"May",1992,"11:38",62.4,-64,127,"1992-05-14","break"
"13",122,"X10709","5-14-92",14,"May",1992,"13:20",63.967,-76.167,128,"1992-05-14","break"
"14",123,"X10695","5-15-92",15,"May",1992,"12:58",62.067,-71.267,129,"1992-05-15","break"
"15",124,"X10700","5-17-92",17,"May",1992,"17:10",62.883,-60.7,130,"1992-05-17","break"
"16",125,"X10707","5-19-92",19,"May",1992,"13:30",61.45,-63.817,132,"1992-05-19","break"
"17",126,"X10709","5-19-92",19,"May",1992,"14:55",63.4,-78.767,133,"1992-05-19","break"
"18",127,"X10700","5-22-92",22,"May",1992,"22:02",62.717,-61.75,134,"1992-05-22","break"
"19",128,"X10695","5-23-92",23,"May",1992,"11:04",61.85,-70.267,135,"1992-05-23","break"
"20",129,"X10703","5-23-92",23,"May",1992,"13:27",63.667,-63,136,"1992-05-23","break"
"21",130,"X10707","5-24-92",24,"May",1992,"14:46",61.45,-63.95,137,"1992-05-24","break"
"22",131,"X10709","5-24-92",24,"May",1992,"17:29",63.4,-81.5,138,"1992-05-24","break"
"23",132,"X10700","5-27-92",27,"May",1992,"21:55",62.867,-62.533,139,"1992-05-27","break"
"24",133,"X10703","5-28-92",28,"May",1992,"16:38",64.2,-64.2,140,"1992-05-28","break"
"25",134,"X10707","5-29-92",29,"May",1992,"16:30",61.633,-63.9,141,"1992-05-29","break"
"26",135,"X10709","5-29-92",29,"May",1992,"16:29",63.267,-84,142,"1992-05-29","break"
"27",136,"X10703","6-02-92",2,"June",1992,"19:01",64.75,-63.35,143,"1992-06-02","break"
"28",137,"X10707","6-03-92",3,"June",1992,"14:32",61.267,-65.067,144,"1992-06-03","break"
"29",138,"X10709","6-03-92",3,"June",1992,"12:53",63.2,-83.667,145,"1992-06-03","break"
"30",139,"X10695","6-04-92",4,"June",1992,"8:39",62.917,-72,146,"1992-06-04","break"
"31",140,"X10700","6-06-92",6,"June",1992,"21:43",63.783,-60.55,147,"1992-06-06","break"
"32",141,"X10703","6-07-92",7,"June",1992,"18:07",64.633,-62.3,148,"1992-06-07","break"
"33",142,"X10709","6-08-92",8,"June",1992,"16:07",63.033,-81.833,149,"1992-06-08","break"
"34",143,"X10695","6-08-92",8,"June",1992,"14:26",63.05,-73.383,150,"1992-06-08","break"
"35",144,"X10700","6-11-92",11,"June",1992,"18:54",64.2,-60.433,151,"1992-06-11","break"
"36",145,"X10695","6-12-92",12,"June",1992,"14:41",63.317,-74.9,152,"1992-06-12","break"
"37",146,"X10703","6-12-92",12,"June",1992,"18:44",64.517,-60.2,153,"1992-06-12","break"
"38",147,"X10707","6-13-92",13,"June",1992,"14:21",61.933,-64.267,154,"1992-06-13","break"
"39",148,"X10709","6-13-92",13,"June",1992,"11:54",64.217,-79.633,155,"1992-06-13","break"
"40",149,"X10695","6-16-92",16,"June",1992,"13:17",63.567,-76.383,156,"1992-06-16","break"
"41",150,"X10700","6-16-92",16,"June",1992,"19:53",64.95,-59.417,157,"1992-06-16","break"
"42",151,"X10703","6-17-92",17,"June",1992,"14:36",65.2,-60.15,158,"1992-06-17","break"
"43",152,"X10707","6-18-92",18,"June",1992,"14:16",62.5,-63.217,159,"1992-06-18","break"
"44",153,"X10709","6-18-92",18,"June",1992,"17:33",65.333,-77.883,160,"1992-06-18","break"
"45",154,"X10700","6-21-92",21,"June",1992,"19:46",65.517,-58.367,161,"1992-06-21","break"
"46",155,"X10703","6-22-92",22,"June",1992,"16:09",65.583,-60.65,162,"1992-06-22","break"
"47",156,"X10709","6-23-92",23,"June",1992,"17:27",66.45,-75.567,163,"1992-06-23","break"
"48",157,"X10695","6-24-92",24,"June",1992,"13:02",64.683,-79.7,164,"1992-06-24","break"
"49",158,"X10700","6-26-92",26,"June",1992,"19:39",66.517,-58.833,165,"1992-06-26","break"
"50",159,"X10703","6-27-92",27,"June",1992,"14:23",65.817,-62.05,166,"1992-06-27","break"
"51",160,"X10707","6-28-92",28,"June",1992,"15:40",64.083,-61.217,167,"1992-06-28","break"
"52",161,"X10695","6-28-92",28,"June",1992,"12:21",65.517,-81.433,168,"1992-06-28","break"
"53",162,"X10700","7-01-92",1,"July",1992,"20:00",66.833,-57.683,169,"1992-07-01","break"
"54",163,"X10703","7-02-92",2,"July",1992,"19:11",64.983,-60.55,170,"1992-07-02","break"
"55",164,"X10709","7-03-92",3,"July",1992,"12:16",63.867,-73.417,171,"1992-07-03","break"
"56",165,"X10707","7-03-92",3,"July",1992,"15:34",64.667,-61.8,172,"1992-07-03","break"
"57",166,"X10703","7-07-92",7,"July",1992,"15:24",64.4,-61.4,173,"1992-07-07","break"
"58",167,"X10695","7-10-92",10,"July",1992,"11:32",66.05,-78.183,174,"1992-07-10","break"
"59",168,"X10703","7-12-92",12,"July",1992,"12:23",64.8,-63.667,175,"1992-07-12","break"
"60",169,"X10707","7-13-92",13,"July",1992,"13:41",65.233,-61.533,176,"1992-07-13","break"
"61",170,"X10695","7-14-92",14,"July",1992,"10:42",66.15,-79.9,177,"1992-07-14","break"
"62",171,"X10703","7-17-92",17,"July",1992,"16:42",63.467,-61.25,178,"1992-07-17","break"
"63",172,"X10709","7-18-92",18,"July",1992,"16:30",62.433,-71.167,179,"1992-07-18","break"
"64",173,"X10707","7-18-92",18,"July",1992,"16:33",65.55,-60.65,180,"1992-07-18","break"
"65",174,"X10695","7-18-92",18,"July",1992,"11:35",66.65,-81.267,181,"1992-07-18","break"
"66",175,"X10703","7-22-92",22,"July",1992,"19:04",63.567,-62.417,182,"1992-07-22","break"
"67",176,"X10695","7-22-92",22,"July",1992,"15:31",66.317,-82.683,183,"1992-07-22","break"
"68",177,"X10707","7-23-92",23,"July",1992,"15:12",65.383,-60.75,184,"1992-07-23","break"
"69",178,"X10695","7-26-92",26,"July",1992,"14:10",65.967,-83.25,185,"1992-07-26","break"
"70",179,"X10700","7-26-92",26,"July",1992,"20:40",66.133,-57.483,186,"1992-07-26","break"
"71",402,"X10700","5-17-93",17,"May",1993,"19:13",62.233,-64,418,"1993-05-17","break"
"72",403,"X10703","5-18-93",18,"May",1993,"15:22",63.433,-63.167,419,"1993-05-18","break"
"73",404,"X11974","5-19-93",19,"May",1993,"11:44",57.617,-61.5,420,"1993-05-19","break"
"74",405,"X13289","5-19-93",19,"May",1993,".",62.439,-65.764,421,"1993-05-19","break"
"75",406,"X10709","5-19-93",19,"May",1993,"15:03",64.383,-64.767,422,"1993-05-19","break"
"76",407,"X13292","5-19-93",19,"May",1993,".",64.492,-61.74,423,"1993-05-19","break"
"77",408,"X10707","5-19-93",19,"May",1993,"12:13",64.967,-64.3,424,"1993-05-19","break"
"78",409,"X11975","5-20-93",20,"May",1993,"18:37",58.55,-62.55,425,"1993-05-20","break"
"79",410,"X13284","5-20-93",20,"May",1993,".",65.269,-59.997,426,"1993-05-20","break"
"80",411,"X10700","5-22-93",22,"May",1993,"19:51",62.417,-64.55,427,"1993-05-22","break"
"81",412,"X10703","5-23-93",23,"May",1993,"19:40",62.933,-63.417,428,"1993-05-23","break"
"82",413,"X10709","5-24-93",24,"May",1993,"11:34",64.417,-64.933,429,"1993-05-24","break"
"83",414,"X10707","5-24-93",24,"May",1993,"17:50",65.35,-65.417,430,"1993-05-24","break"
"84",415,"X11975","5-25-93",25,"May",1993,"19:17",58.617,-62.35,431,"1993-05-25","break"
"85",416,"X13289","5-25-93",25,"May",1993,".",62.137,-63.896,432,"1993-05-25","break"
"86",417,"X13292","5-25-93",25,"May",1993,".",64.728,-60.652,433,"1993-05-25","break"
"87",418,"X10700","5-27-93",27,"May",1993,"20:24",63.4,-62.817,434,"1993-05-27","break"
"88",419,"X10703","5-28-93",28,"May",1993,"18:41",62.883,-64.15,435,"1993-05-28","break"
"89",420,"X13284","5-28-93",28,"May",1993,".",65.432,-59.365,436,"1993-05-28","break"
"90",421,"X10709","5-29-93",29,"May",1993,"16:49",64.533,-64.817,437,"1993-05-29","break"
"91",422,"X10707","5-29-93",29,"May",1993,"13:30",65.167,-65.217,438,"1993-05-29","break"
"92",423,"X13289","5-31-93",31,"May",1993,".",63.164,-62.631,439,"1993-05-31","break"
"93",424,"X13292","5-31-93",31,"May",1993,".",65.194,-59.762,440,"1993-05-31","break"
"94",425,"X10700","6-01-93",1,"June",1993,"19:33",64.083,-62,441,"1993-06-01","break"
"95",426,"X13284","6-01-93",1,"June",1993,".",65.361,-59.837,442,"1993-06-01","break"
"96",427,"X10703","6-02-93",2,"June",1993,"13:23",63.2,-64.65,443,"1993-06-02","break"
"97",428,"X11974","6-03-93",3,"June",1993,"14:39",58.483,-62.6,444,"1993-06-03","break"
"98",429,"X10709","6-03-93",3,"June",1993,"17:27",64.433,-64.7,445,"1993-06-03","break"
"99",430,"X13284","6-05-93",5,"June",1993,".",65.6,-58.769,446,"1993-06-05","break"
"100",431,"X13289","6-06-93",6,"June",1993,".",64.002,-62.268,447,"1993-06-06","break"
"101",432,"X13292","6-06-93",6,"June",1993,".",65.621,-58.587,448,"1993-06-06","break"
"102",433,"X10703","6-07-93",7,"June",1993,"14:53",63.183,-64.283,449,"1993-06-07","break"
"103",434,"X10709","6-08-93",8,"June",1993,"18:06",64.667,-65.217,450,"1993-06-08","break"
"104",435,"X10707","6-08-93",8,"June",1993,"18:10",64.983,-65.05,451,"1993-06-08","break"
"105",436,"X11975","6-09-93",9,"June",1993,"19:34",59.067,-63.033,452,"1993-06-09","break"
"106",437,"X13284","6-09-93",9,"June",1993,".",65.666,-59.538,453,"1993-06-09","break"
"107",438,"X10700","6-11-93",11,"June",1993,"18:24",64.967,-59.567,455,"1993-06-11","break"
"108",439,"X10703","6-12-93",12,"June",1993,"19:42",63.4,-63.683,456,"1993-06-12","break"
"109",440,"X13289","6-12-93",12,"June",1993,".",64.924,-59.953,457,"1993-06-12","break"
"110",441,"X13292","6-12-93",12,"June",1993,".",66.216,-59.255,458,"1993-06-12","break"
"111",442,"X11974","6-13-93",13,"June",1993,"10:29",58.4,-62.317,459,"1993-06-13","break"
"112",443,"X10709","6-13-93",13,"June",1993,"12:46",64.65,-65.05,460,"1993-06-13","break"
"113",444,"X10707","6-13-93",13,"June",1993,"16:03",65.2,-65.1,461,"1993-06-13","break"
"114",445,"X13284","6-13-93",13,"June",1993,".",65.516,-59.798,462,"1993-06-13","break"
"115",446,"X10700","6-16-93",16,"June",1993,"16:29",65.517,-59.733,463,"1993-06-16","break"
"116",447,"X10703","6-17-93",17,"June",1993,"19:38",63.167,-64.4,464,"1993-06-17","break"
"117",448,"X13284","6-17-93",17,"June",1993,".",65.222,-59.67,465,"1993-06-17","break"
"118",449,"X11974","6-18-93",18,"June",1993,"11:11",58.233,-62.133,466,"1993-06-18","break"
"119",450,"X10709","6-18-93",18,"June",1993,"14:18",64.883,-65.6,467,"1993-06-18","break"
"120",451,"X13292","6-18-93",18,"June",1993,".",64.954,-59.447,468,"1993-06-18","break"
"121",452,"X13289","6-18-93",18,"June",1993,".",65.814,-58.996,469,"1993-06-18","break"
"122",453,"X11975","6-19-93",19,"June",1993,"17:34",58.833,-62.167,470,"1993-06-19","break"
"123",454,"X13284","6-21-93",21,"June",1993,".",65.523,-58.762,471,"1993-06-21","break"
"124",455,"X10700","6-21-93",21,"June",1993,"20:30",65.9,-59.033,472,"1993-06-21","break"
"125",456,"X10703","6-22-93",22,"June",1993,"16:57",63.433,-63.533,473,"1993-06-22","break"
"126",457,"X10707","6-23-93",23,"June",1993,"15:08",64.533,-63.933,474,"1993-06-23","break"
"127",458,"X10709","6-23-93",23,"June",1993,"15:07",65.167,-66.133,475,"1993-06-23","break"
"128",459,"X11975","6-24-93",24,"June",1993,"19:52",58.65,-62.467,476,"1993-06-24","break"
"129",460,"X13292","6-24-93",24,"June",1993,".",65.09,-59.538,477,"1993-06-24","break"
"130",461,"X13289","6-24-93",24,"June",1993,".",66.733,-58.699,478,"1993-06-24","break"
"131",462,"X13284","6-25-93",25,"June",1993,".",65.622,-58.264,479,"1993-06-25","break"
"132",463,"X10700","6-26-93",26,"June",1993,"16:23",65.167,-58.7,480,"1993-06-26","break"
"133",464,"X10703","6-27-93",27,"June",1993,"19:19",64.4,-64.3,481,"1993-06-27","break"
"134",465,"X10707","6-28-93",28,"June",1993,"17:25",64.75,-64.05,482,"1993-06-28","break"
"135",466,"X10709","6-28-93",28,"June",1993,"15:41",65.2,-66.033,483,"1993-06-28","break"
"136",467,"X13292","6-30-93",30,"June",1993,".",64.698,-59.785,485,"1993-06-30","break"
"137",468,"X13289","6-30-93",30,"June",1993,".",67.032,-58.927,486,"1993-06-30","break"
"138",469,"X10703","7-02-93",2,"July",1993,"16:37",64.55,-63.767,487,"1993-07-02","break"
"139",470,"X11974","7-03-93",3,"July",1993,"13:55",58.383,-61.783,488,"1993-07-03","break"
"140",471,"X10709","7-03-93",3,"July",1993,"18:04",65.333,-66.067,489,"1993-07-03","break"
"141",472,"X13292","7-06-93",6,"July",1993,".",63.889,-59.879,490,"1993-07-06","break"
"142",473,"X10700","7-06-93",6,"July",1993,"19:08",64.333,-59.583,491,"1993-07-06","break"
"143",474,"X13289","7-06-93",6,"July",1993,".",66.55,-56.565,492,"1993-07-06","break"
"144",838,"X12083","4-29-94",29,"April",1994,"16:17",55.067,-71.25,866,"1994-04-29","break"
"145",839,"X12082","4-29-94",29,"April",1994,"18:58",55.9,-58.233,867,"1994-04-29","break"
"146",840,"X12081","4-29-94",29,"April",1994,"22:48",56.933,-57.5,868,"1994-04-29","break"
"147",841,"X11974","4-29-94",29,"April",1994,"12:57",57.717,-61.7,869,"1994-04-29","break"
"148",842,"X13428","4-29-94",29,"April",1994,".",63.293,-64.051,870,"1994-04-29","break"
"149",843,"X12086","4-30-94",30,"April",1994,"0:29",57.933,-62.617,871,"1994-04-30","break"
"150",844,"X03956","4-30-94",30,"April",1994,"8:52",58.6,-62.817,872,"1994-04-30","break"
"151",845,"X11975","4-30-94",30,"April",1994,"18:44",58.617,-62.917,873,"1994-04-30","break"
"152",846,"X10374","4-30-94",30,"April",1994,"22:30",60.417,-65.017,874,"1994-04-30","break"
"153",847,"X12080","5-01-94",1,"May",1994,"20:13",57.4,-58.9,875,"1994-05-01","break"
"154",848,"X12092","5-01-94",1,"May",1994,"21:56",60,-66.567,876,"1994-05-01","break"
"155",849,"X13437","5-01-94",1,"May",1994,".",64.309,-60.494,877,"1994-05-01","break"
"156",850,"X13292","5-02-94",2,"May",1994,".",59.357,-62.268,878,"1994-05-02","break"
"157",851,"X13289","5-02-94",2,"May",1994,".",61.206,-63.56,879,"1994-05-02","break"
"158",852,"X10700","5-02-94",2,"May",1994,"20:07",64.483,-62.15,880,"1994-05-02","break"
"159",853,"X10703","5-03-94",3,"May",1994,"19:44",63.217,-63.633,881,"1994-05-03","break"
"160",854,"X12083","5-04-94",4,"May",1994,"13:03",55.217,-71.8,882,"1994-05-04","break"
"161",855,"X12082","5-04-94",4,"May",1994,"14:29",56.5,-58.183,883,"1994-05-04","break"
"162",856,"X11975","5-05-94",5,"May",1994,"21:05",58.567,-62.75,884,"1994-05-05","break"
"163",857,"X03956","5-05-94",5,"May",1994,"11:08",58.8,-62.883,885,"1994-05-05","break"
"164",858,"X10374","5-05-94",5,"May",1994,"21:07",60.483,-64.9,886,"1994-05-05","break"
"165",859,"X13428","5-05-94",5,"May",1994,".",65.369,-62.723,887,"1994-05-05","break"
"166",860,"X12080","5-06-94",6,"May",1994,"21:57",57.25,-58.9,888,"1994-05-06","break"
"167",861,"X12092","5-06-94",6,"May",1994,"21:55",59.883,-65.833,889,"1994-05-06","break"
"168",862,"X10393","5-07-94",7,"May",1994,"9:03",55.15,-56.6,890,"1994-05-07","break"
"169",863,"X13284","5-07-94",7,"May",1994,".",63.894,-61.181,891,"1994-05-07","break"
"170",864,"X13437","5-07-94",7,"May",1994,".",64.043,-60.548,892,"1994-05-07","break"
"171",865,"X10700","5-07-94",7,"May",1994,"18:59",64.533,-61.333,893,"1994-05-07","break"
"172",866,"X13292","5-08-94",8,"May",1994,".",60.901,-61.557,894,"1994-05-08","break"
"173",867,"X13289","5-08-94",8,"May",1994,".",61.845,-64.249,895,"1994-05-08","break"
"174",868,"X10703","5-08-94",8,"May",1994,"17:07",62.983,-63.883,896,"1994-05-08","break"
"175",869,"X12082","5-09-94",9,"May",1994,"19:14",55.95,-58.083,897,"1994-05-09","break"
"176",870,"X11974","5-09-94",9,"May",1994,"11:00",57.517,-61.667,898,"1994-05-09","break"
"177",871,"X03956","5-10-94",10,"May",1994,"13:58",58.367,-62.55,899,"1994-05-10","break"
"178",872,"X11975","5-10-94",10,"May",1994,"21:44",58.583,-62.9,900,"1994-05-10","break"
"179",873,"X10374","5-10-94",10,"May",1994,"23:52",61.267,-64.65,901,"1994-05-10","break"
"180",874,"X12080","5-11-94",11,"May",1994,"21:35",57.867,-59.4,902,"1994-05-11","break"
"181",875,"X12092","5-11-94",11,"May",1994,"21:30",60.617,-65.733,903,"1994-05-11","break"
"182",876,"X10709","5-11-94",11,"May",1994,"1:34",64.517,-65.283,904,"1994-05-11","break"
"183",877,"X13428","5-11-94",11,"May",1994,".",65.977,-62.064,905,"1994-05-11","break"
"184",878,"X10700","5-12-94",12,"May",1994,"21:20",64.633,-61.533,906,"1994-05-12","break"
"185",879,"X10703","5-13-94",13,"May",1994,"17:50",63.3,-63.383,907,"1994-05-13","break"
"186",880,"X12082","5-14-94",14,"May",1994,"19:08",56.633,-57.25,908,"1994-05-14","break"
"187",881,"X11974","5-14-94",14,"May",1994,"14:15",57.567,-61.633,909,"1994-05-14","break"
"188",882,"X12086","5-14-94",14,"May",1994,"22:23",58.55,-62.8,910,"1994-05-14","break"
"189",883,"X13289","5-14-94",14,"May",1994,".",62.783,-62.235,911,"1994-05-14","break"
"190",884,"X13292","5-14-94",14,"May",1994,".",64.058,-62.522,912,"1994-05-14","break"
"191",885,"X03956","5-15-94",15,"May",1994,"17:23",58.45,-62.533,913,"1994-05-15","break"
"192",886,"X11975","5-15-94",15,"May",1994,"20:40",58.617,-62.883,914,"1994-05-15","break"
"193",887,"X10374","5-15-94",15,"May",1994,"20:43",62.283,-64.167,915,"1994-05-15","break"
"194",888,"X13284","5-15-94",15,"May",1994,".",64.562,-59.837,916,"1994-05-15","break"
"195",889,"X12080","5-16-94",16,"May",1994,"21:39",59.067,-60.667,917,"1994-05-16","break"
"196",890,"X12092","5-16-94",16,"May",1994,"21:40",60.75,-65.067,918,"1994-05-16","break"
"197",891,"X10700","5-17-94",17,"May",1994,"21:20",64.4,-60.4,919,"1994-05-17","break"
"198",892,"X13428","5-17-94",17,"May",1994,".",65.977,-62.136,920,"1994-05-17","break"
"199",893,"X10703","5-18-94",18,"May",1994,"19:19",63.117,-63.317,921,"1994-05-18","break"
"200",894,"X11974","5-19-94",19,"May",1994,"10:45",57.617,-61.733,922,"1994-05-19","break"
"201",895,"X12086","5-19-94",19,"May",1994,"23:53",58.533,-62.633,923,"1994-05-19","break"
"202",896,"X13284","5-19-94",19,"May",1994,".",64.302,-59.584,924,"1994-05-19","break"
"203",897,"X03956","5-20-94",20,"May",1994,"15:21",58.15,-62.7,925,"1994-05-20","break"
"204",898,"X11975","5-20-94",20,"May",1994,"21:53",58.567,-62.8,926,"1994-05-20","break"
"205",899,"X10374","5-20-94",20,"May",1994,"21:23",61.767,-64.25,927,"1994-05-20","break"
"206",900,"X13289","5-20-94",20,"May",1994,".",63.635,-61.59,928,"1994-05-20","break"
"207",901,"X12080","5-21-94",21,"May",1994,"21:33",59.083,-59.983,929,"1994-05-21","break"
"208",902,"X10700","5-22-94",22,"May",1994,"22:50",64.617,-60.9,930,"1994-05-22","break"
"209",903,"X12078","5-23-94",23,"May",1994,"0:33",58.55,-62.25,931,"1994-05-23","break"
"210",904,"X10703","5-23-94",23,"May",1994,"19:15",63.217,-63.917,932,"1994-05-23","break"
"211",905,"X13428","5-23-94",23,"May",1994,".",66.306,-61.653,933,"1994-05-23","break"
"212",906,"X11974","5-24-94",24,"May",1994,"12:18",57.767,-61.867,934,"1994-05-24","break"
"213",907,"X12086","5-24-94",24,"May",1994,"23:47",58.533,-62.717,935,"1994-05-24","break"
"214",908,"X03956","5-25-94",25,"May",1994,"20:21",58.3,-62.567,936,"1994-05-25","break"
"215",909,"X11975","5-25-94",25,"May",1994,"20:20",58.567,-62.783,937,"1994-05-25","break"
"216",910,"X12080","5-26-94",26,"May",1994,"21:49",58.75,-59.85,938,"1994-05-26","break"
"217",911,"X12092","5-26-94",26,"May",1994,"21:24",60.783,-66.6,939,"1994-05-26","break"
"218",912,"X13289","5-26-94",26,"May",1994,".",63.504,-61.763,940,"1994-05-26","break"
"219",913,"X10709","5-26-94",26,"May",1994,"1:09",64.467,-64.95,941,"1994-05-26","break"
"220",914,"X10700","5-27-94",27,"May",1994,"21:36",64.717,-61.567,942,"1994-05-27","break"
"221",915,"X13284","5-27-94",27,"May",1994,".",64.862,-60.56,943,"1994-05-27","break"
"222",916,"X10703","5-28-94",28,"May",1994,"19:05",63.7,-63.967,944,"1994-05-28","break"
"223",917,"X13428","5-29-94",29,"May",1994,".",66.187,-62.341,945,"1994-05-29","break"
"224",918,"X03956","5-30-94",30,"May",1994,"21:36",58.567,-62.8,946,"1994-05-30","break"
"225",919,"X11975","5-30-94",30,"May",1994,"21:37",58.583,-62.75,947,"1994-05-30","break"
"226",920,"X10374","5-30-94",30,"May",1994,"23:18",60.133,-63.017,948,"1994-05-30","break"
"227",921,"X12080","5-31-94",31,"May",1994,"21:18",59.4,-61.5,949,"1994-05-31","break"
"228",922,"X12092","5-31-94",31,"May",1994,"21:20",60.533,-65.667,950,"1994-05-31","break"
"229",923,"X10709","5-31-94",31,"May",1994,"1:01",64.4,-65.033,951,"1994-05-31","break"
"230",924,"X13284","5-31-94",31,"May",1994,".",65.948,-59.579,952,"1994-05-31","break"
"231",925,"X13292","6-01-94",1,"June",1994,".",63.557,-62.439,953,"1994-06-01","break"
"232",926,"X13289","6-01-94",1,"June",1994,".",64.327,-61.324,954,"1994-06-01","break"
"233",927,"X10700","6-01-94",1,"June",1994,"22:38",65.067,-60.017,955,"1994-06-01","break"
"234",928,"X10703","6-02-94",2,"June",1994,"18:41",63.75,-64.167,956,"1994-06-02","break"
"235",929,"X12086","6-03-94",3,"June",1994,"23:32",58.017,-62.25,957,"1994-06-03","break"
"236",930,"X11974","6-03-94",3,"June",1994,"13:34",58.2,-62.167,958,"1994-06-03","break"
"237",931,"X12086","6-04-94",4,"June",1994,"1:15",58.017,-62.133,959,"1994-06-04","break"
"238",932,"X11975","6-04-94",4,"June",1994,"18:15",58.317,-63.3,960,"1994-06-04","break"
"239",933,"X03956","6-04-94",4,"June",1994,"23:09",58.517,-62.617,961,"1994-06-04","break"
"240",934,"X10374","6-04-94",4,"June",1994,"19:55",60.067,-63.2,962,"1994-06-04","break"
"241",935,"X13284","6-04-94",4,"June",1994,".",65.91,-58.423,963,"1994-06-04","break"
"242",936,"X13428","6-04-94",4,"June",1994,".",66.23,-61.736,964,"1994-06-04","break"
"243",937,"X12080","6-05-94",5,"June",1994,"19:30",59.683,-61.717,965,"1994-06-05","break"
"244",938,"X10709","6-05-94",5,"June",1994,"0:54",64.367,-64.767,966,"1994-06-05","break"
"245",939,"X12078","6-06-94",6,"June",1994,"21:13",59.9,-63.067,967,"1994-06-06","break"
"246",940,"X10700","6-06-94",6,"June",1994,"21:21",65.667,-59.65,968,"1994-06-06","break"
"247",941,"X10703","6-07-94",7,"June",1994,"17:43",63.633,-64.067,969,"1994-06-07","break"
"248",942,"X13292","6-07-94",7,"June",1994,".",64.754,-61.697,970,"1994-06-07","break"
"249",943,"X13289","6-07-94",7,"June",1994,".",65.184,-60.574,971,"1994-06-07","break"
"250",944,"X11974","6-08-94",8,"June",1994,"10:54",58.167,-62.267,972,"1994-06-08","break"
"251",945,"X12086","6-08-94",8,"June",1994,"23:22",58.283,-62.15,973,"1994-06-08","break"
"252",946,"X11975","6-09-94",9,"June",1994,"20:37",58.55,-62.733,974,"1994-06-09","break"
"253",947,"X10374","6-09-94",9,"June",1994,"22:19",59.883,-63.9,975,"1994-06-09","break"
"254",948,"X12092","6-10-94",10,"June",1994,"18:45",60.75,-63.367,976,"1994-06-10","break"
"255",949,"X10709","6-10-94",10,"June",1994,"0:46",64.467,-64.65,977,"1994-06-10","break"
"256",950,"X13428","6-10-94",10,"June",1994,".",66.695,-59.807,978,"1994-06-10","break"
"257",951,"X10700","6-11-94",11,"June",1994,"18:34",66,-58.083,979,"1994-06-11","break"
"258",952,"X10703","6-12-94",12,"June",1994,"20:03",63.683,-63.833,980,"1994-06-12","break"
"259",953,"X13292","6-13-94",13,"June",1994,".",65.261,-59.254,981,"1994-06-13","break"
"260",954,"X13289","6-13-94",13,"June",1994,".",66.226,-58.59,982,"1994-06-13","break"
"261",955,"X11975","6-14-94",14,"June",1994,"21:15",58.5,-66.583,983,"1994-06-14","break"
"262",956,"X10374","6-14-94",14,"June",1994,"21:12",59.967,-63.15,984,"1994-06-14","break"
"263",957,"X12092","6-15-94",15,"June",1994,"21:04",60.85,-64.3,985,"1994-06-15","break"
"264",958,"X12080","6-15-94",15,"June",1994,"15:59",61.7,-64.283,986,"1994-06-15","break"
"265",959,"X10709","6-15-94",15,"June",1994,"0:38",64.483,-64.7,987,"1994-06-15","break"
"266",960,"X10700","6-16-94",16,"June",1994,"20:52",66.733,-58.233,988,"1994-06-16","break"
"267",961,"X13428","6-16-94",16,"June",1994,".",66.948,-60.932,989,"1994-06-16","break"
"268",962,"X10703","6-17-94",17,"June",1994,"19:00",63.6,-63.817,990,"1994-06-17","break"
"269",963,"X11974","6-18-94",18,"June",1994,"13:16",57.983,-62.267,991,"1994-06-18","break"
"270",964,"X11975","6-19-94",19,"June",1994,"19:27",58.517,-62.8,992,"1994-06-19","break"
"271",965,"X13292","6-19-94",19,"June",1994,".",65.026,-61.709,993,"1994-06-19","break"
"272",966,"X13289","6-19-94",19,"June",1994,".",66.173,-60.715,994,"1994-06-19","break"
"273",967,"X12080","6-20-94",20,"June",1994,"20:44",61.85,-64.15,995,"1994-06-20","break"
"274",968,"X13284","6-20-94",20,"June",1994,".",65.313,-59.57,996,"1994-06-20","break"
"275",969,"X10700","6-21-94",21,"June",1994,"19:53",66.117,-58.583,997,"1994-06-21","break"
"276",970,"X10703","6-22-94",22,"June",1994,"17:59",63.733,-63.65,998,"1994-06-22","break"
"277",971,"X13428","6-22-94",22,"June",1994,".",68.175,-57.944,999,"1994-06-22","break"
"278",972,"X12086","6-24-94",24,"June",1994,"0:39",58.3,-62.617,1000,"1994-06-24","break"
"279",973,"X11975","6-24-94",24,"June",1994,"20:52",58.55,-62.9,1001,"1994-06-24","break"
"280",974,"X12092","6-25-94",25,"June",1994,"22:23",60.433,-63.4,1003,"1994-06-25","break"
"281",975,"X12080","6-25-94",25,"June",1994,"19:01",62.083,-63.95,1004,"1994-06-25","break"
"282",976,"X13292","6-25-94",25,"June",1994,".",64.559,-61.879,1005,"1994-06-25","break"
"283",977,"X13289","6-25-94",25,"June",1994,".",65.796,-60.133,1006,"1994-06-25","break"
"284",978,"X10700","6-26-94",26,"June",1994,"20:34",66.733,-57.8,1007,"1994-06-26","break"
"285",979,"X10703","6-27-94",27,"June",1994,"19:56",63.767,-62.45,1008,"1994-06-27","break"
"286",980,"X12086","6-28-94",28,"June",1994,"22:52",58.483,-62.7,1009,"1994-06-28","break"
"287",981,"X11974","6-28-94",28,"June",1994,"12:58",58.85,-63.267,1010,"1994-06-28","break"
"288",982,"X13428","6-28-94",28,"June",1994,".",67.669,-56.157,1011,"1994-06-28","break"
"289",983,"X12092","6-30-94",30,"June",1994,"22:07",60.8,-64.167,1012,"1994-06-30","break"
"290",984,"X12080","6-30-94",30,"June",1994,"20:30",62.867,-62.817,1013,"1994-06-30","break"
"291",985,"X13289","7-01-94",1,"July",1994,".",65.356,-59.827,1014,"1994-07-01","break"
"292",986,"X10703","7-02-94",2,"July",1994,"15:58",64.633,-62.317,1015,"1994-07-02","break"
"293",987,"X11975","7-04-94",4,"July",1994,"17:11",58.333,-62.55,1016,"1994-07-04","break"
"294",988,"X10374","7-04-94",4,"July",1994,"20:30",60.1,-62.5,1017,"1994-07-04","break"
"295",989,"X13428","7-04-94",4,"July",1994,".",67.324,-56.542,1018,"1994-07-04","break"
"296",990,"X12080","7-05-94",5,"July",1994,"17:05",62.6,-63.717,1019,"1994-07-05","break"
"297",991,"X10700","7-06-94",6,"July",1994,"20:10",66.183,-58.25,1020,"1994-07-06","break"
"298",992,"X13292","7-07-94",7,"July",1994,".",62.319,-63.585,1021,"1994-07-07","break"
"299",993,"X13289","7-07-94",7,"July",1994,".",65.574,-60.905,1022,"1994-07-07","break"
"300",994,"X12092","7-10-94",10,"July",1994,"20:57",60.683,-63.767,1023,"1994-07-10","break"
"301",995,"X12080","7-10-94",10,"July",1994,"19:17",63.283,-63.767,1024,"1994-07-10","break"
"302",996,"X13428","7-10-94",10,"July",1994,".",66.506,-57.447,1025,"1994-07-10","break"
"303",1341,"X11974","4-19-95",19,"April",1995,"15:13",58.217,-62.55,1373,"1995-04-19","break"
"304",1342,"X13437","4-19-95",19,"April",1995,".",59.995,-61.576,1374,"1995-04-19","break"
"305",1343,"X11975","4-20-95",20,"April",1995,"20:59",58.567,-62.633,1375,"1995-04-20","break"
"306",1344,"X13437","4-20-95",20,"April",1995,".",60.147,-61.556,1376,"1995-04-20","break"
"307",1345,"X12080","4-21-95",21,"April",1995,"22:18",55.283,-58.35,1377,"1995-04-21","break"
"308",1346,"X12086","4-21-95",21,"April",1995,"14:07",58.05,-62.333,1378,"1995-04-21","break"
"309",1347,"X12092","4-21-95",21,"April",1995,"22:18",59.9,-66.05,1379,"1995-04-21","break"
"310",1348,"X13437","4-21-95",21,"April",1995,".",60.334,-61.538,1380,"1995-04-21","break"
"311",1349,"X13289","4-21-95",21,"April",1995,".",62.377,-65.673,1381,"1995-04-21","break"
"312",1350,"X13437","4-22-95",22,"April",1995,".",60.34,-61.446,1382,"1995-04-22","break"
"313",1351,"X13437","4-23-95",23,"April",1995,".",60.304,-61.437,1383,"1995-04-23","break"
"314",1352,"X11974","4-24-95",24,"April",1995,"12:59",58.217,-62.5,1384,"1995-04-24","break"
"315",1353,"X13437","4-24-95",24,"April",1995,".",60.317,-61.783,1385,"1995-04-24","break"
"316",1354,"X13746","4-24-95",24,"April",1995,".",66.27,-58.09,1386,"1995-04-24","break"
"317",1355,"X11975","4-25-95",25,"April",1995,"17:30",58.617,-62.817,1387,"1995-04-25","break"
"318",1356,"X12086","4-26-95",26,"April",1995,"15:37",58.083,-62.367,1388,"1995-04-26","break"
"319",1357,"X13437","4-26-95",26,"April",1995,".",60.581,-62.648,1389,"1995-04-26","break"
"320",1358,"X13437","4-27-95",27,"April",1995,".",60.911,-62.847,1390,"1995-04-27","break"
"321",1359,"X13289","4-27-95",27,"April",1995,".",62.617,-64.051,1391,"1995-04-27","break"
"322",1360,"X13292","4-27-95",27,"April",1995,".",63.463,-63.605,1392,"1995-04-27","break"
"323",1361,"X11974","4-29-95",29,"April",1995,"16:47",58.25,-62.6,1393,"1995-04-29","break"
"324",1362,"X13437","4-29-95",29,"April",1995,".",61.769,-63.941,1394,"1995-04-29","break"
"325",1363,"X11975","4-30-95",30,"April",1995,"16:33",58.6,-62.6,1395,"1995-04-30","break"
"326",1364,"X13746","4-30-95",30,"April",1995,".",66.604,-57.662,1396,"1995-04-30","break"
"327",1365,"X12080","5-01-95",1,"May",1995,"18:04",56.233,-60.067,1397,"1995-05-01","break"
"328",1366,"X12086","5-01-95",1,"May",1995,"14:44",58.05,-62.3,1398,"1995-05-01","break"
"329",1367,"X12092","5-01-95",1,"May",1995,"18:06",59.567,-66.283,1399,"1995-05-01","break"
"330",1368,"X13437","5-01-95",1,"May",1995,".",62.185,-64.498,1400,"1995-05-01","break"
"331",1369,"X13289","5-03-95",3,"May",1995,".",63.229,-62.069,1401,"1995-05-03","break"
"332",1370,"X11974","5-04-95",4,"May",1995,"14:13",58.2,-62.533,1402,"1995-05-04","break"
"333",1371,"X13437","5-04-95",4,"May",1995,".",62.536,-62.85,1403,"1995-05-04","break"
"334",1372,"X11975","5-05-95",5,"May",1995,"20:35",58.35,-62.517,1404,"1995-05-05","break"
"335",1373,"X13437","5-05-95",5,"May",1995,".",63.238,-60.509,1405,"1995-05-05","break"
"336",1374,"X12080","5-06-95",6,"May",1995,"17:11",56.683,-59.6,1406,"1995-05-06","break"
"337",1375,"X12086","5-06-95",6,"May",1995,"13:40",58.067,-62.2,1407,"1995-05-06","break"
"338",1376,"X12092","5-06-95",6,"May",1995,"18:53",59.883,-66.3,1408,"1995-05-06","break"
"339",1377,"X13437","5-06-95",6,"May",1995,".",62.995,-62.202,1409,"1995-05-06","break"
"340",1378,"X13746","5-06-95",6,"May",1995,".",67.777,-57.424,1410,"1995-05-06","break"
"341",1379,"X13437","5-09-95",9,"May",1995,".",62.892,-61.806,1411,"1995-05-09","break"
"342",1380,"X13289","5-09-95",9,"May",1995,".",62.947,-61.341,1412,"1995-05-09","break"
"343",1381,"X11975","5-10-95",10,"May",1995,"22:04",58.4,-62.433,1413,"1995-05-10","break"
"344",1382,"X10374","5-10-95",10,"May",1995,"23:44",59.067,-62.983,1414,"1995-05-10","break"
"345",1383,"X12080","5-11-95",11,"May",1995,"17:57",58.133,-61.3,1415,"1995-05-11","break"
"346",1384,"X12086","5-11-95",11,"May",1995,"18:00",58.15,-62.383,1416,"1995-05-11","break"
"347",1385,"X13746","5-12-95",12,"May",1995,".",68.602,-57.584,1417,"1995-05-12","break"
"348",1386,"X13437","5-13-95",13,"May",1995,".",62.957,-61.851,1418,"1995-05-13","break"
"349",1387,"X11974","5-14-95",14,"May",1995,"12:27",58,-62.117,1419,"1995-05-14","break"
"350",1388,"X11975","5-15-95",15,"May",1995,"20:16",58.383,-62.5,1420,"1995-05-15","break"
"351",1389,"X13292","5-15-95",15,"May",1995,".",63.794,-63.179,1421,"1995-05-15","break"
"352",1390,"X13289","5-15-95",15,"May",1995,".",64.494,-61.672,1422,"1995-05-15","break"
"353",1391,"X12086","5-16-95",16,"May",1995,"13:44",58.1,-62.483,1423,"1995-05-16","break"
"354",1392,"X12080","5-16-95",16,"May",1995,"21:37",61.217,-61.983,1424,"1995-05-16","break"
"355",1393,"X13746","5-18-95",18,"May",1995,".",69.157,-57.218,1425,"1995-05-18","break"
"356",1394,"X11975","5-20-95",20,"May",1995,"17:58",58.45,-62.617,1426,"1995-05-20","break"
"357",1395,"X12086","5-21-95",21,"May",1995,"17:49",58.2,-62.55,1427,"1995-05-21","break"
"358",1396,"X12092","5-21-95",21,"May",1995,"23:09",59.683,-67.7,1428,"1995-05-21","break"
"359",1397,"X12080","5-21-95",21,"May",1995,"17:50",62.25,-63.683,1429,"1995-05-21","break"
"360",1398,"X11974","5-24-95",24,"May",1995,"15:38",58,-62.383,1430,"1995-05-24","break"
"361",1399,"X11975","5-25-95",25,"May",1995,"21:39",58.517,-63.017,1431,"1995-05-25","break"
"362",1400,"X12086","5-26-95",26,"May",1995,"11:26",58.217,-62.433,1432,"1995-05-26","break"
"363",1401,"X12092","5-26-95",26,"May",1995,"16:57",59.433,-67.35,1433,"1995-05-26","break"
"364",1402,"X12080","5-26-95",26,"May",1995,"21:20",63.083,-63.833,1434,"1995-05-26","break"
"365",1403,"X11975","5-30-95",30,"May",1995,"17:54",58.5,-62.917,1435,"1995-05-30","break"
"366",1404,"X13746","5-30-95",30,"May",1995,".",69.132,-58.208,1436,"1995-05-30","break"
"367",1405,"X12086","5-31-95",31,"May",1995,"16:02",58.217,-62.567,1437,"1995-05-31","break"
"368",1406,"X12080","5-31-95",31,"May",1995,"17:45",63.85,-62.5,1438,"1995-05-31","break"
"369",1407,"X13289","6-02-95",2,"June",1995,".",65.453,-61.718,1439,"1995-06-02","break"
"370",1408,"X12080","6-05-95",5,"June",1995,"18:34",64.283,-62.133,1441,"1995-06-05","break"
"371",1409,"X13746","6-05-95",5,"June",1995,".",68.924,-58.588,1442,"1995-06-05","break"
"372",1410,"X11974","6-08-95",8,"June",1995,"16:16",57.6,-61.367,1443,"1995-06-08","break"
"373",1411,"X13289","6-08-95",8,"June",1995,".",64.934,-62.069,1444,"1995-06-08","break"
"374",1412,"X12086","6-10-95",10,"June",1995,"17:34",58.15,-62.517,1445,"1995-06-10","break"
"375",1413,"X12080","6-10-95",10,"June",1995,"17:39",64.333,-63.167,1446,"1995-06-10","break"
"376",1414,"X11975","6-14-95",14,"June",1995,"21:05",59,-62.967,1447,"1995-06-14","break"
"377",1415,"X13289","6-14-95",14,"June",1995,".",64.954,-61.825,1448,"1995-06-14","break"
"378",1416,"X12080","6-15-95",15,"June",1995,"22:25",64.7,-62.75,1449,"1995-06-15","break"
"379",1417,"X13746","6-17-95",17,"June",1995,".",68.539,-60.201,1450,"1995-06-17","break"
"380",1418,"X12080","6-20-95",20,"June",1995,"20:36",64.933,-62.417,1451,"1995-06-20","break"
"381",1419,"X13289","6-20-95",20,"June",1995,".",65.266,-61.757,1452,"1995-06-20","break"
"382",1420,"X11974","6-23-95",23,"June",1995,"12:58",58.417,-62.733,1453,"1995-06-23","break"
"383",1421,"X13746","6-23-95",23,"June",1995,".",67.466,-59.3,1454,"1995-06-23","break"
"384",1422,"X12086","6-25-95",25,"June",1995,"18:14",58.267,-62.767,1455,"1995-06-25","break"
"385",1423,"X12080","6-25-95",25,"June",1995,"20:01",64.017,-63.05,1456,"1995-06-25","break"
"386",1613,"X30140","4-08-98",8,"April",1998,"19:32",59.184,-69.038,1648,"1998-04-08","break"
"387",1614,"X30135","4-08-98",8,"April",1998,"14:18",60.648,-67.36,1649,"1998-04-08","break"
"388",1615,"X30131","4-12-98",12,"April",1998,"16:50",58.68,-59.833,1650,"1998-04-12","break"
"389",1616,"X30126","4-12-98",12,"April",1998,"19:44",60.62,-63.795,1651,"1998-04-12","break"
"390",1617,"X30129","4-12-98",12,"April",1998,"19:41",61.44,-65.096,1652,"1998-04-12","break"
"391",1618,"X30135","4-14-98",14,"April",1998,"20:40",60.785,-64.948,1653,"1998-04-14","break"
"392",1619,"X30131","4-18-98",18,"April",1998,"20:48",59.032,-61.144,1654,"1998-04-18","break"
"393",1620,"X30126","4-18-98",18,"April",1998,"19:08",61.348,-65.649,1655,"1998-04-18","break"
"394",1621,"X30135","4-20-98",20,"April",1998,"18:46",59.309,-66.339,1656,"1998-04-20","break"
"395",1622,"X30129","4-24-98",24,"April",1998,"18:01",61.747,-63.974,1657,"1998-04-24","break"
"396",1623,"X30126","4-24-98",24,"April",1998,"18:01",62.336,-65.318,1658,"1998-04-24","break"
"397",1624,"X30140","4-26-98",26,"April",1998,"14:43",59.165,-69.209,1659,"1998-04-26","break"
"398",1625,"X30135","4-26-98",26,"April",1998,"17:35",60.689,-65.37,1660,"1998-04-26","break"
"399",1626,"X30131","4-30-98",30,"April",1998,"18:30",59.98,-66.012,1661,"1998-04-30","break"
"400",1627,"X30129","4-30-98",30,"April",1998,"18:33",60.875,-66.122,1662,"1998-04-30","break"
"401",1628,"X30140","5-02-98",2,"May",1998,"20:40",59.081,-68.879,1664,"1998-05-02","break"
"402",1629,"X30135","5-02-98",2,"May",1998,"18:10",61.343,-61.731,1665,"1998-05-02","break"
"403",1630,"X30126","5-06-98",6,"May",1998,"17:26",60.554,-66.25,1666,"1998-05-06","break"
"404",1631,"X30129","5-06-98",6,"May",1998,"19:10",61.602,-65.474,1667,"1998-05-06","break"
"405",1632,"X30140","5-08-98",8,"May",1998,"13:39",58.863,-69.262,1668,"1998-05-08","break"
"406",1633,"X30135","5-08-98",8,"May",1998,"18:43",61.468,-62.78,1669,"1998-05-08","break"
"407",1634,"X30126","5-12-98",12,"May",1998,"16:22",60.534,-64.486,1670,"1998-05-12","break"
"408",1635,"X30135","5-14-98",14,"May",1998,"19:17",61.259,-64.17,1671,"1998-05-14","break"
"409",1636,"X30126","5-18-98",18,"May",1998,"16:52",60.465,-64.045,1672,"1998-05-18","break"
"410",1637,"X30129","5-24-98",24,"May",1998,"17:29",60.846,-66.608,1673,"1998-05-24","break"
"411",1638,"X30126","5-24-98",24,"May",1998,"17:31",60.887,-64.175,1674,"1998-05-24","break"
"412",1639,"X30126","5-30-98",30,"May",1998,"18:49",61.314,-66.746,1675,"1998-05-30","break"
"413",1640,"X30129","5-30-98",30,"May",1998,"20:25",61.844,-65.78,1676,"1998-05-30","break"
"414",1641,"X30129","6-05-98",5,"June",1998,"16:59",61.893,-66.381,1677,"1998-06-05","break"
"415",1642,"X30126","6-11-98",11,"June",1998,"19:14",61.495,-64.72,1678,"1998-06-11","break"
"416",1643,"X30129","6-11-98",11,"June",1998,"17:33",61.683,-63.039,1679,"1998-06-11","break"
"417",1644,"X30131","6-11-98",11,"June",1998,"19:21",62.163,-62.163,1680,"1998-06-11","break"
"418",1749,"X30131","3-20-99",20,"March",1999,"17:10",59.611,-61.524,1785,"1999-03-20","break"
"419",1750,"X30129","3-20-99",20,"March",1999,"18:56",61.054,-66.571,1786,"1999-03-20","break"
"420",1751,"X30135","3-23-99",23,"March",1999,"8:26",60.865,-68.521,1787,"1999-03-23","break"
"421",1752,"X30131","3-26-99",26,"March",1999,"19:26",59.477,-60.478,1788,"1999-03-26","break"
"422",1753,"X30129","3-26-99",26,"March",1999,"19:26",61.424,-67.647,1789,"1999-03-26","break"
"423",1754,"X30126","3-26-99",26,"March",1999,"19:25",61.508,-64.896,1790,"1999-03-26","break"
"424",1755,"X30135","3-29-99",29,"March",1999,"8:56",61.425,-70.114,1791,"1999-03-29","break"
"425",1756,"X30131","4-01-99",1,"April",1999,"20:28",59.09,-61.133,1792,"1999-04-01","break"
"426",1757,"X30129","4-01-99",1,"April",1999,"13:59",60.964,-67.155,1793,"1999-04-01","break"
"427",1758,"X30126","4-01-99",1,"April",1999,"13:56",61.53,-64.932,1794,"1999-04-01","break"
"428",1759,"X30135","4-02-99",2,"April",1999,"23:27",60.163,-67.812,1795,"1999-04-02","break"
"429",1760,"X30135","4-04-99",4,"April",1999,"12:50",60.121,-68.139,1796,"1999-04-04","break"
"430",1761,"X30131","4-07-99",7,"April",1999,"17:10",58.883,-62.968,1797,"1999-04-07","break"
"431",1762,"X30129","4-07-99",7,"April",1999,"20:36",61.179,-66.377,1798,"1999-04-07","break"
"432",1763,"X30126","4-07-99",7,"April",1999,"18:50",61.441,-65.144,1799,"1999-04-07","break"
"433",1764,"X30135","4-10-99",10,"April",1999,"10:01",61.523,-68.967,1800,"1999-04-10","break"
"434",1765,"X30131","4-13-99",13,"April",1999,"17:45",59.706,-63.497,1801,"1999-04-13","break"
"435",1766,"X30126","4-13-99",13,"April",1999,"19:26",61.173,-66.992,1802,"1999-04-13","break"
"436",1767,"X30129","4-13-99",13,"April",1999,"14:31",61.232,-67.423,1803,"1999-04-13","break"
"437",1768,"X30135","4-16-99",16,"April",1999,"10:36",61.065,-68.789,1804,"1999-04-16","break"
"438",1769,"X30131","4-19-99",19,"April",1999,"20:33",59.865,-64.108,1805,"1999-04-19","break"
"439",1770,"X30126","4-19-99",19,"April",1999,"14:00",60.328,-67.506,1806,"1999-04-19","break"
"440",1771,"X30129","4-19-99",19,"April",1999,"20:01",60.783,-66.654,1807,"1999-04-19","break"
"441",1772,"X30126","4-25-99",25,"April",1999,"15:07",60.463,-67.161,1808,"1999-04-25","break"
"442",1773,"X30129","4-25-99",25,"April",1999,"13:28",61.022,-66.402,1809,"1999-04-25","break"
"443",1774,"X30131","4-25-99",25,"April",1999,"15:04",61.158,-64.211,1810,"1999-04-25","break"
"444",1775,"X30126","5-01-99",1,"May",1999,"19:23",60.492,-65.838,1811,"1999-05-01","break"
"445",1776,"X30129","5-01-99",1,"May",1999,"14:34",60.569,-65.746,1812,"1999-05-01","break"
"446",1777,"X30131","5-01-99",1,"May",1999,"19:27",61.097,-64.672,1813,"1999-05-01","break"
"447",1778,"X30129","5-07-99",7,"May",1999,"18:18",60.798,-63.386,1814,"1999-05-07","break"
"448",1779,"X30126","5-07-99",7,"May",1999,"19:59",61.169,-66.219,1815,"1999-05-07","break"
"449",1780,"X30131","5-07-99",7,"May",1999,"14:01",61.423,-65.28,1816,"1999-05-07","break"
"450",1781,"X30129","5-13-99",13,"May",1999,"15:08",60.502,-63.481,1817,"1999-05-13","break"
"451",1782,"X30126","5-13-99",13,"May",1999,"13:29",60.613,-66.752,1818,"1999-05-13","break"
"452",1783,"X30131","5-13-99",13,"May",1999,"17:09",61.09,-62.775,1819,"1999-05-13","break"
"453",1784,"X30135","5-16-99",16,"May",1999,"23:54",60.106,-67.485,1820,"1999-05-16","break"
"454",1785,"X30129","5-19-99",19,"May",1999,"14:34",60.292,-62.442,1821,"1999-05-19","break"
"455",1786,"X30126","5-19-99",19,"May",1999,"17:43",60.686,-64.703,1822,"1999-05-19","break"
"456",1787,"X30129","5-25-99",25,"May",1999,"20:38",60.405,-62.423,1823,"1999-05-25","break"
"457",1788,"X30126","5-25-99",25,"May",1999,"18:14",60.669,-63.847,1824,"1999-05-25","break"
"458",1789,"X30129","5-31-99",31,"May",1999,"13:30",59.972,-61.263,1825,"1999-05-31","break"
"459",1790,"X30126","5-31-99",31,"May",1999,"17:08",60.915,-66.146,1826,"1999-05-31","break"
"460",1791,"X30131","5-31-99",31,"May",1999,"13:31",61.445,-65.122,1827,"1999-05-31","break"
"461",1792,"X30135","6-03-99",3,"June",1999,"23:55",60.89,-66.496,1828,"1999-06-03","break"
"462",1793,"X30126","6-06-99",6,"June",1999,"19:25",61.015,-66.833,1829,"1999-06-06","break"
"463",1794,"X30131","6-12-99",12,"June",1999,"16:33",60.387,-62.387,1830,"1999-06-12","break"
"464",1795,"X30129","6-12-99",12,"June",1999,"14:05",60.424,-62.432,1831,"1999-06-12","break"
"465",1796,"X30126","6-12-99",12,"June",1999,"18:14",61.021,-65.681,1832,"1999-06-12","break"
"466",1797,"X30135","6-15-99",15,"June",1999,"22:53",61.208,-64.693,1833,"1999-06-15","break"
"467",1798,"X30129","6-18-99",18,"June",1999,"18:49",59.975,-63.45,1834,"1999-06-18","break"
"468",1799,"X30131","6-18-99",18,"June",1999,"17:07",61.3,-63.307,1835,"1999-06-18","break"
"469",1800,"X30126","6-18-99",18,"June",1999,"13:34",61.461,-65.066,1836,"1999-06-18","break"
"470",1853,"X30140","4-09-00",9,"April",2000,"18:01",67.104,-69.357,1890,"2000-04-09","break"
"471",1854,"X30140","4-21-00",21,"April",2000,"14:25",59.392,-68.87,1891,"2000-04-21","break"
"472",1855,"X30140","5-03-00",3,"May",2000,"14:58",59.947,-69.589,1892,"2000-05-03","break"
"473",1858,"X30140","2003-11-01",11,"March",2001,"16:05",59.208,-69.137,1895,"2001-03-11","break"
