"","ID","DATE","DAY","MONTH","YEAR","TIME","LAT","LONG","ROWID"
"1","X10695","4-02-91",2,"April",1991,"13:11",58.233,-62.167,1
"2","X10695","4-04-91",4,"April",1991,"0:18",58.45,-62.383,2
"3","X10695","4-05-91",5,"April",1991,"23:32",58.583,-62.65,4
"4","X10695","4-06-91",6,"April",1991,"23:09",58.7,-62.75,5
"5","X10695","4-08-91",8,"April",1991,"23:58",59.333,-63.5,6
"6","X10695","4-13-91",13,"April",1991,"23:47",60.567,-64.317,7
"7","X10695","4-17-91",17,"April",1991,"22:14",60.6,-64.433,8
"8","X10695","4-21-91",21,"April",1991,"23:58",60.867,-66.117,9
"9","X10695","4-25-91",25,"April",1991,"22:26",61.55,-69.083,10
"10","X10695","5-08-91",8,"May",1991,"0:28",62.733,-72.817,11
"11","X10695","5-16-91",16,"May",1991,"0:42",62.833,-73.917,12
"12","X10695","5-20-91",20,"May",1991,"0:47",62.917,-74.483,13
"13","X10695","5-26-91",26,"May",1991,"23:46",62.6,-74.983,14
"14","X10695","5-27-91",27,"May",1991,"23:20",62.5,-75.15,15
"15","X10695","5-29-91",29,"May",1991,"0:41",62.567,-75.833,16
"16","X10695","5-30-91",30,"May",1991,"22:11",63.2,-75.967,17
"17","X10695","5-31-91",31,"May",1991,"23:30",63.417,-75.883,18
"18","X10695","6-01-91",1,"June",1991,"1:09",63.4,-75.95,19
"19","X10695","6-02-91",2,"June",1991,"0:46",63.667,-76.033,20
"20","X10695","6-10-91",10,"June",1991,"22:55",64.217,-79.183,22
"21","X10695","6-19-91",19,"June",1991,"0:49",65.883,-79.317,23
"22","X10695","6-27-91",27,"June",1991,"1:03",67.533,-77.333,24
"23","X10695","7-05-91",5,"July",1991,"22:25",66.233,-77.7,25
"24","X10695","7-08-91",8,"July",1991,"23:43",66.067,-78,26
"25","X10695","7-16-91",16,"July",1991,"22:18",65.417,-80.867,27
"26","X10695","8-22-91",22,"August",1991,"8:00",64.033,-80.483,28
"27","X10695","9-17-91",17,"September",1991,"17:59",63.767,-80.133,29
"28","X10695","9-18-91",18,"September",1991,"15:21",63.8,-80.25,30
"29","X10695","9-21-91",21,"September",1991,"17:14",63.8,-80.1,33
"30","X10695","9-22-91",22,"September",1991,"13:45",63.733,-80.167,34
"31","X10695","9-24-91",24,"September",1991,"13:16",63.767,-80.117,36
"32","X10695","9-28-91",28,"September",1991,"21:47",63.85,-80.15,40
"33","X10695","9-29-91",29,"September",1991,"21:26",63.783,-80.117,41
"34","X10695","10-01-91",1,"October",1991,"22:25",63.717,-80.3,42
"35","X10695","10-26-91",26,"October",1991,"0:04",63.75,-80.133,45
"36","X10695","10-29-91",29,"October",1991,"22:42",63.867,-80.533,46
"37","X10695","10-31-91",31,"October",1991,"13:46",63.967,-80.467,47
"38","X10695","11-03-91",3,"November",1991,"0:40",64.15,-80.333,48
"39","X10695","11-04-91",4,"November",1991,"23:56",63.917,-80.083,49
"40","X10695","11-06-91",6,"November",1991,"1:16",64.1,-79.6,50
"41","X10695","11-07-91",7,"November",1991,"0:55",64.017,-79.35,51
"42","X10695","11-08-91",8,"November",1991,"0:33",63.95,-79.067,52
"43","X10695","11-11-91",11,"November",1991,"23:10",63.85,-77.75,53
"44","X10695","11-16-91",16,"November",1991,"1:08",63.7,-79.3,54
"45","X10695","11-23-91",23,"November",1991,"22:18",63.5,-79.683,55
"46","X10695","11-28-91",28,"November",1991,"22:12",63.35,-78.817,56
"47","X10695","12-01-91",1,"December",1991,"21:10",62.95,-78.217,58
"48","X10695","12-04-91",4,"December",1991,"21:47",62.567,-75.25,59
"49","X10695","12-13-91",13,"December",1991,"19:33",62.767,-73.217,61
"50","X10695","12-17-91",17,"December",1991,"20:24",61.433,-71.167,62
"51","X10695","12-25-91",25,"December",1991,"22:49",61.067,-67.95,63
"52","X10695","12-29-91",29,"December",1991,"19:42",60.5,-67.867,64
"53","X10695","1-06-92",6,"January",1992,"19:51",60.5,-66.033,65
"54","X10695","1-10-92",10,"January",1992,"22:12",60.583,-66.45,66
"55","X10695","1-14-92",14,"January",1992,"22:29",60.983,-66,67
"56","X10695","1-18-92",18,"January",1992,"17:29",61.117,-66.817,68
"57","X10695","1-22-92",22,"January",1992,"19:41",61.183,-66.633,69
"58","X10695","1-24-92",24,"January",1992,"14:04",61.2,-67.2,70
"59","X10695","1-25-92",25,"January",1992,"12:07",61.083,-67.45,71
"60","X10695","1-26-92",26,"January",1992,"11:42",61.083,-67.567,72
"61","X10695","1-27-92",27,"January",1992,"5:16",61.2,-68.133,73
"62","X10695","1-28-92",28,"January",1992,"12:43",61.15,-68.75,74
"63","X10695","1-29-92",29,"January",1992,"14:03",61.05,-69.15,75
"64","X10695","1-30-92",30,"January",1992,"15:19",60.933,-69.25,76
"65","X10695","1-31-92",31,"January",1992,"15:00",60.65,-69.317,77
"66","X10695","2-07-92",7,"February",1992,"22:25",59.933,-68.35,78
"67","X10695","2-13-92",13,"February",1992,"13:24",60.533,-67.433,79
"68","X10695","2-16-92",16,"February",1992,"14:23",60.5,-67.367,80
"69","X10695","3-12-92",12,"March",1992,"12:13",60.733,-69.117,81
"70","X10695","3-16-92",16,"March",1992,"14:10",61.717,-69.383,82
"71","X10695","3-20-92",20,"March",1992,".",61.483,-69.283,83
"72","X10695","3-28-92",28,"March",1992,"11:34",61.717,-70.2,84
"73","X10695","4-01-92",1,"April",1992,"11:50",61.717,-69.983,85
"74","X10695","4-05-92",5,"April",1992,"13:42",61.733,-70.217,86
"75","X10703","4-06-92",6,"April",1992,"21:34",56.567,-61.65,87
"76","X10709","4-07-92",7,"April",1992,"18:00",58.45,-62.417,88
"77","X10700","4-07-92",7,"April",1992,"11:52",58.617,-62.7,91
"78","X10703","4-08-92",8,"April",1992,"8:11",59.45,-63.55,93
"79","X10707","4-09-92",9,"April",1992,"9:31",58.1,-61.833,95
"80","X10709","4-09-92",9,"April",1992,"11:20",58.4,-62.017,97
"81","X10695","4-09-92",9,"April",1992,"12:21",61.9,-70.6,98
"82","X10703","4-13-92",13,"April",1992,"15:55",61.017,-62.633,99
"83","X10709","4-14-92",14,"April",1992,"12:19",58.15,-58.35,100
"84","X10707","4-14-92",14,"April",1992,"13:53",59.317,-62.683,101
"85","X10695","4-17-92",17,"April",1992,"11:11",62.617,-71.383,102
"86","X10703","4-18-92",18,"April",1992,"12:59",62.067,-63.95,103
"87","X10709","4-19-92",19,"April",1992,"17:44",60.4,-64.433,104
"88","X10707","4-19-92",19,"April",1992,"13:49",61.383,-62.183,105
"89","X10695","4-21-92",21,"April",1992,"14:46",62.767,-71.017,106
"90","X10700","4-22-92",22,"April",1992,"17:42",61.017,-59.633,107
"91","X10703","4-23-92",23,"April",1992,"18:36",61.933,-63.833,108
"92","X10709","4-24-92",24,"April",1992,"13:28",61.8,-66.317,109
"93","X10707","4-24-92",24,"April",1992,"13:44",62.217,-63.867,110
"94","X10700","4-27-92",27,"April",1992,"20:53",62.367,-60.667,111
"95","X10703","4-28-92",28,"April",1992,"17:35",62.55,-64.067,112
"96","X10709","4-29-92",29,"April",1992,"11:57",62.15,-70.633,113
"97","X10707","4-29-92",29,"April",1992,"11:56",62.35,-64.217,114
"98","X10700","5-02-92",2,"May",1992,"20:45",62.45,-61.317,115
"99","X10695","5-03-92",3,"May",1992,"11:42",62.35,-71.6,116
"100","X10703","5-03-92",3,"May",1992,"14:58",62.917,-63.267,117
"101","X10709","5-04-92",4,"May",1992,"16:26",62.383,-71.8,118
"102","X10707","5-04-92",4,"May",1992,"16:25",62.7,-63.783,119
"103","X10695","5-07-92",7,"May",1992,"14:08",62.4,-71.533,120
"104","X10700","5-07-92",7,"May",1992,"15:47",62.783,-60.833,121
"105","X10703","5-08-92",8,"May",1992,"13:44",63.65,-62.183,123
"106","X10707","5-09-92",9,"May",1992,"17:04",62.45,-63.267,124
"107","X10709","5-09-92",9,"May",1992,"17:08",63.533,-74.667,125
"108","X10695","5-11-92",11,"May",1992,"10:08",62.033,-71.95,126
"109","X10707","5-14-92",14,"May",1992,"11:38",62.4,-64,127
"110","X10709","5-14-92",14,"May",1992,"13:20",63.967,-76.167,128
"111","X10695","5-15-92",15,"May",1992,"12:58",62.067,-71.267,129
"112","X10700","5-17-92",17,"May",1992,"15:35",62.917,-60.75,131
"113","X10707","5-19-92",19,"May",1992,"13:30",61.45,-63.817,132
"114","X10709","5-19-92",19,"May",1992,"14:55",63.4,-78.767,133
"115","X10700","5-22-92",22,"May",1992,"22:02",62.717,-61.75,134
"116","X10695","5-23-92",23,"May",1992,"11:04",61.85,-70.267,135
"117","X10703","5-23-92",23,"May",1992,"13:27",63.667,-63,136
"118","X10707","5-24-92",24,"May",1992,"14:46",61.45,-63.95,137
"119","X10709","5-24-92",24,"May",1992,"17:29",63.4,-81.5,138
"120","X10700","5-27-92",27,"May",1992,"21:55",62.867,-62.533,139
"121","X10703","5-28-92",28,"May",1992,"16:38",64.2,-64.2,140
"122","X10707","5-29-92",29,"May",1992,"16:30",61.633,-63.9,141
"123","X10709","5-29-92",29,"May",1992,"16:29",63.267,-84,142
"124","X10703","6-02-92",2,"June",1992,"19:01",64.75,-63.35,143
"125","X10707","6-03-92",3,"June",1992,"14:32",61.267,-65.067,144
"126","X10709","6-03-92",3,"June",1992,"12:53",63.2,-83.667,145
"127","X10695","6-04-92",4,"June",1992,"8:39",62.917,-72,146
"128","X10700","6-06-92",6,"June",1992,"21:43",63.783,-60.55,147
"129","X10703","6-07-92",7,"June",1992,"18:07",64.633,-62.3,148
"130","X10709","6-08-92",8,"June",1992,"16:07",63.033,-81.833,149
"131","X10695","6-08-92",8,"June",1992,"14:26",63.05,-73.383,150
"132","X10700","6-11-92",11,"June",1992,"18:54",64.2,-60.433,151
"133","X10695","6-12-92",12,"June",1992,"14:41",63.317,-74.9,152
"134","X10703","6-12-92",12,"June",1992,"18:44",64.517,-60.2,153
"135","X10707","6-13-92",13,"June",1992,"14:21",61.933,-64.267,154
"136","X10709","6-13-92",13,"June",1992,"11:54",64.217,-79.633,155
"137","X10695","6-16-92",16,"June",1992,"13:17",63.567,-76.383,156
"138","X10700","6-16-92",16,"June",1992,"19:53",64.95,-59.417,157
"139","X10703","6-17-92",17,"June",1992,"14:36",65.2,-60.15,158
"140","X10707","6-18-92",18,"June",1992,"14:16",62.5,-63.217,159
"141","X10709","6-18-92",18,"June",1992,"17:33",65.333,-77.883,160
"142","X10700","6-21-92",21,"June",1992,"19:46",65.517,-58.367,161
"143","X10703","6-22-92",22,"June",1992,"16:09",65.583,-60.65,162
"144","X10709","6-23-92",23,"June",1992,"17:27",66.45,-75.567,163
"145","X10695","6-24-92",24,"June",1992,"13:02",64.683,-79.7,164
"146","X10700","6-26-92",26,"June",1992,"19:39",66.517,-58.833,165
"147","X10703","6-27-92",27,"June",1992,"14:23",65.817,-62.05,166
"148","X10707","6-28-92",28,"June",1992,"15:40",64.083,-61.217,167
"149","X10695","6-28-92",28,"June",1992,"12:21",65.517,-81.433,168
"150","X10700","7-01-92",1,"July",1992,"20:00",66.833,-57.683,169
"151","X10703","7-02-92",2,"July",1992,"19:11",64.983,-60.55,170
"152","X10709","7-03-92",3,"July",1992,"12:16",63.867,-73.417,171
"153","X10707","7-03-92",3,"July",1992,"15:34",64.667,-61.8,172
"154","X10703","7-07-92",7,"July",1992,"15:24",64.4,-61.4,173
"155","X10695","7-10-92",10,"July",1992,"11:32",66.05,-78.183,174
"156","X10703","7-12-92",12,"July",1992,"12:23",64.8,-63.667,175
"157","X10707","7-13-92",13,"July",1992,"13:41",65.233,-61.533,176
"158","X10695","7-14-92",14,"July",1992,"10:42",66.15,-79.9,177
"159","X10703","7-17-92",17,"July",1992,"16:42",63.467,-61.25,178
"160","X10709","7-18-92",18,"July",1992,"16:30",62.433,-71.167,179
"161","X10707","7-18-92",18,"July",1992,"16:33",65.55,-60.65,180
"162","X10695","7-18-92",18,"July",1992,"11:35",66.65,-81.267,181
"163","X10703","7-22-92",22,"July",1992,"19:04",63.567,-62.417,182
"164","X10695","7-22-92",22,"July",1992,"15:31",66.317,-82.683,183
"165","X10707","7-23-92",23,"July",1992,"15:12",65.383,-60.75,184
"166","X10695","7-26-92",26,"July",1992,"14:10",65.967,-83.25,185
"167","X10700","7-26-92",26,"July",1992,"20:40",66.133,-57.483,186
"168","X10703","8-01-92",1,"August",1992,"18:46",63.767,-61.683,187
"169","X10709","8-02-92",2,"August",1992,"16:54",61.917,-65.333,188
"170","X10707","8-02-92",2,"August",1992,"14:58",64.417,-62.75,189
"171","X10695","8-03-92",3,"August",1992,"11:46",65.967,-78.45,190
"172","X10707","8-07-92",7,"August",1992,"15:55",64.2,-61.65,191
"173","X10695","8-07-92",7,"August",1992,"11:00",65.667,-79,192
"174","X10700","8-10-92",10,"August",1992,"22:00",63.367,-61.583,193
"175","X10703","8-11-92",11,"August",1992,"15:07",63.533,-63.767,194
"176","X10695","8-11-92",11,"August",1992,"13:30",64.667,-81,195
"177","X10709","8-12-92",12,"August",1992,"14:45",62.867,-64.25,196
"178","X10695","8-15-92",15,"August",1992,"11:03",64.133,-79.633,197
"179","X10695","8-19-92",19,"August",1992,"12:16",64.183,-79.233,198
"180","X10707","8-22-92",22,"August",1992,"11:15",64.967,-61.967,200
"181","X10695","8-23-92",23,"August",1992,"12:32",64.033,-79.2,201
"182","X10695","8-27-92",27,"August",1992,"14:25",63.883,-78.283,202
"183","X10707","8-27-92",27,"August",1992,"16:56",64.717,-61.5,204
"184","X10707","9-01-92",1,"September",1992,"12:36",64.65,-62.267,206
"185","X10707","9-06-92",6,"September",1992,"12:33",64.917,-61.867,212
"186","X13289","10-21-92",21,"October",1992,".",65.436,-63.505,229
"187","X13292","11-02-92",2,"November",1992,".",65.142,-63.429,236
"188","X13289","11-02-92",2,"November",1992,".",65.295,-63.127,237
"189","X13292","11-08-92",8,"November",1992,".",65.228,-63.359,239
"190","X13289","11-08-92",8,"November",1992,".",65.838,-62.172,240
"191","X13284","11-13-92",13,"November",1992,".",66.082,-61.277,242
"192","X13289","11-14-92",14,"November",1992,".",65.351,-62.358,244
"193","X10707","11-15-92",15,"November",1992,"12:41",65.067,-63.117,245
"194","X13284","11-17-92",17,"November",1992,".",65.163,-61.123,246
"195","X13289","11-20-92",20,"November",1992,".",64.92,-62.455,247
"196","X13284","11-21-92",21,"November",1992,".",64.805,-62.189,248
"197","X10707","11-25-92",25,"November",1992,"17:19",62.383,-61.067,249
"198","X13284","11-25-92",25,"November",1992,".",64.685,-61.941,250
"199","X13289","11-26-92",26,"November",1992,".",64.605,-59.286,251
"200","X13292","11-26-92",26,"November",1992,".",64.866,-60.456,252
"201","X13284","11-29-92",29,"November",1992,".",64.459,-59.81,253
"202","X10707","11-30-92",30,"November",1992,"17:57",62.05,-61.15,254
"203","X13292","12-02-92",2,"December",1992,".",63.042,-60.489,255
"204","X13289","12-02-92",2,"December",1992,".",63.232,-61.316,256
"205","X13284","12-03-92",3,"December",1992,".",64.027,-59.894,257
"206","X10707","12-05-92",5,"December",1992,"16:54",61.8,-60.367,258
"207","X13284","12-07-92",7,"December",1992,".",63.918,-59.685,259
"208","X13292","12-08-92",8,"December",1992,".",62.202,-61.506,260
"209","X13289","12-08-92",8,"December",1992,".",62.321,-62.181,261
"210","X10707","12-10-92",10,"December",1992,"12:05",62.05,-63.75,262
"211","X13284","12-11-92",11,"December",1992,".",63.48,-58.794,263
"212","X13289","12-14-92",14,"December",1992,".",62.069,-61.434,264
"213","X13292","12-14-92",14,"December",1992,".",62.129,-60.823,265
"214","X13284","12-15-92",15,"December",1992,".",62.747,-60.421,266
"215","X13284","12-19-92",19,"December",1992,".",62.808,-59.889,267
"216","X13292","12-20-92",20,"December",1992,".",62.162,-58.797,268
"217","X13289","12-20-92",20,"December",1992,".",62.723,-59.364,270
"218","X13284","12-23-92",23,"December",1992,".",62.688,-59.382,271
"219","X13292","12-26-92",26,"December",1992,".",62.661,-59.342,272
"220","X13289","12-26-92",26,"December",1992,".",63.235,-60.757,273
"221","X13284","12-27-92",27,"December",1992,".",62.913,-60.498,274
"222","X13289","1-01-93",1,"January",1993,".",62.601,-59.774,275
"223","X13292","1-01-93",1,"January",1993,".",63.728,-58.804,276
"224","X13284","1-04-93",4,"January",1993,".",62.005,-57.06,277
"225","X13289","1-07-93",7,"January",1993,".",63.041,-58.036,278
"226","X13292","1-07-93",7,"January",1993,".",64.477,-59.306,279
"227","X13284","1-08-93",8,"January",1993,".",62.195,-56.481,280
"228","X13284","1-12-93",12,"January",1993,".",62.184,-55.985,281
"229","X13289","1-13-93",13,"January",1993,".",61.493,-55.833,282
"230","X13292","1-13-93",13,"January",1993,".",64.149,-59.389,283
"231","X13284","1-16-93",16,"January",1993,".",61.89,-56.494,284
"232","X13289","1-19-93",19,"January",1993,".",60.67,-56.113,285
"233","X13284","1-20-93",20,"January",1993,".",60.934,-57.441,286
"234","X13284","1-24-93",24,"January",1993,".",60.803,-57.338,287
"235","X13289","1-25-93",25,"January",1993,".",61.351,-54.506,288
"236","X13292","1-25-93",25,"January",1993,".",64.639,-60.108,289
"237","X13289","1-31-93",31,"January",1993,".",62.171,-54.965,290
"238","X13292","1-31-93",31,"January",1993,".",63.945,-59.947,291
"239","X10707","2-03-93",3,"February",1993,"14:12",62.15,-63.333,292
"240","X13284","2-05-93",5,"February",1993,".",61.135,-54.722,293
"241","X13289","2-06-93",6,"February",1993,".",62.214,-55.996,294
"242","X13292","2-06-93",6,"February",1993,".",63.381,-61.481,295
"243","X10707","2-08-93",8,"February",1993,"14:04",61.5,-63.517,297
"244","X13284","2-09-93",9,"February",1993,".",61.103,-53.936,299
"245","X13289","2-12-93",12,"February",1993,".",62.137,-56.343,300
"246","X13292","2-12-93",12,"February",1993,".",62.886,-61.234,301
"247","X13284","2-13-93",13,"February",1993,".",60.561,-51.826,302
"248","X10707","2-13-93",13,"February",1993,"12:16",61.517,-62.233,303
"249","X13284","2-17-93",17,"February",1993,".",61.868,-54.466,304
"250","X10707","2-18-93",18,"February",1993,"15:30",61.983,-64.183,305
"251","X13289","2-18-93",18,"February",1993,".",62.712,-59.112,306
"252","X13284","2-21-93",21,"February",1993,".",63.035,-56.15,307
"253","X10707","2-23-93",23,"February",1993,"13:43",61.15,-63.533,308
"254","X13292","2-24-93",24,"February",1993,".",62.298,-62.613,309
"255","X13289","2-24-93",24,"February",1993,".",62.395,-60.621,310
"256","X13284","2-25-93",25,"February",1993,".",63.941,-56.885,311
"257","X10707","2-28-93",28,"February",1993,"13:38",61.683,-63.7,312
"258","X13284","3-01-93",1,"March",1993,".",64.69,-58.59,313
"259","X13292","3-02-93",2,"March",1993,".",61.825,-63.687,314
"260","X13289","3-02-93",2,"March",1993,".",62.379,-61.703,315
"261","X10707","3-05-93",5,"March",1993,"15:09",61.65,-64.15,317
"262","X13284","3-05-93",5,"March",1993,".",64.793,-60.336,318
"263","X13292","3-08-93",8,"March",1993,".",62.202,-63.659,319
"264","X10707","3-10-93",10,"March",1993,"17:52",61.617,-64.017,320
"265","X13284","3-13-93",13,"March",1993,".",64.058,-58.879,322
"266","X13289","3-14-93",14,"March",1993,".",62.448,-63.248,323
"267","X13292","3-14-93",14,"March",1993,".",62.711,-62.946,324
"268","X10707","3-15-93",15,"March",1993,"16:53",61.083,-63.483,326
"269","X13284","3-17-93",17,"March",1993,".",63.695,-56.369,328
"270","X10707","3-20-93",20,"March",1993,"14:48",61.283,-62.817,330
"271","X13292","3-20-93",20,"March",1993,".",62.915,-61.983,331
"272","X13289","3-20-93",20,"March",1993,".",62.963,-62.444,332
"273","X13284","3-21-93",21,"March",1993,".",63.036,-53.973,334
"274","X10707","3-25-93",25,"March",1993,"11:36",61.383,-63.2,336
"275","X13284","3-25-93",25,"March",1993,".",62.308,-53.717,337
"276","X13292","3-26-93",26,"March",1993,".",63.024,-61.199,339
"277","X13284","3-29-93",29,"March",1993,".",61.755,-52.415,341
"278","X10707","3-30-93",30,"March",1993,"16:12",61.217,-63.917,343
"279","X10709","3-30-93",30,"March",1993,"17:14",64.533,-65.383,344
"280","X13292","4-01-93",1,"April",1993,".",62.243,-62.428,345
"281","X13289","4-01-93",1,"April",1993,".",63.05,-62.598,346
"282","X13284","4-02-93",2,"April",1993,".",61.215,-52.73,347
"283","X10707","4-04-93",4,"April",1993,"12:56",61.75,-63.767,351
"284","X11974","4-05-93",5,"April",1993,".",57.683,-61.683,353
"285","X13284","4-06-93",6,"April",1993,".",61.418,-54.906,356
"286","X13292","4-07-93",7,"April",1993,".",62.761,-62.539,357
"287","X10700","4-07-93",7,"April",1993,"21:34",63.85,-64.9,358
"288","X11974","4-09-93",9,"April",1993,"10:17",58.167,-62.467,359
"289","X10707","4-09-93",9,"April",1993,"16:52",62.333,-63.917,360
"290","X10709","4-09-93",9,"April",1993,"14:20",64.283,-65.4,361
"291","X11975","4-10-93",10,"April",1993,"18:19",58.617,-62.917,362
"292","X13284","4-10-93",10,"April",1993,".",62.597,-55.239,363
"293","X13292","4-13-93",13,"April",1993,".",63.476,-62.286,365
"294","X13289","4-13-93",13,"April",1993,".",63.841,-61.649,366
"295","X10703","4-13-93",13,"April",1993,"19:30",64.167,-64.417,367
"296","X10707","4-14-93",14,"April",1993,"15:51",62.633,-64,368
"297","X13284","4-14-93",14,"April",1993,".",63.815,-57.168,369
"298","X11975","4-15-93",15,"April",1993,"20:41",58.583,-62.767,370
"299","X10703","4-18-93",18,"April",1993,"16:44",64.083,-64.55,372
"300","X13284","4-18-93",18,"April",1993,".",64.495,-57.069,373
"301","X10707","4-19-93",19,"April",1993,"12:25",62.283,-64.35,374
"302","X13292","4-19-93",19,"April",1993,".",63.123,-61.53,375
"303","X10709","4-19-93",19,"April",1993,"16:32",64.4,-64.867,376
"304","X13289","4-19-93",19,"April",1993,".",64.49,-62.793,377
"305","X11975","4-20-93",20,"April",1993,"19:39",58.317,-62.383,378
"306","X10700","4-22-93",22,"April",1993,"17:34",64.4,-63.467,379
"307","X13284","4-22-93",22,"April",1993,".",64.436,-57.68,380
"308","X10703","4-23-93",23,"April",1993,"19:04",64.317,-63.35,381
"309","X10707","4-24-93",24,"April",1993,"12:19",62.267,-64.467,383
"310","X10709","4-24-93",24,"April",1993,"12:14",64.433,-64.867,385
"311","X13292","4-25-93",25,"April",1993,".",62.376,-61.896,386
"312","X13289","4-25-93",25,"April",1993,".",64.056,-61.975,387
"313","X13284","4-26-93",26,"April",1993,".",64.421,-57.432,388
"314","X10700","4-27-93",27,"April",1993,"16:12",64.117,-62.733,389
"315","X10707","4-29-93",29,"April",1993,"13:52",62.15,-63.917,390
"316","X10709","4-29-93",29,"April",1993,"17:50",64.433,-64.867,391
"317","X11975","4-30-93",30,"April",1993,"15:09",58.317,-62.383,392
"318","X13284","4-30-93",30,"April",1993,".",64.342,-59.285,393
"319","X13292","5-01-93",1,"May",1993,".",62.805,-61.553,394
"320","X10700","5-02-93",2,"May",1993,"17:15",63.633,-61.683,395
"321","X10703","5-03-93",3,"May",1993,"17:24",63.617,-62.317,396
"322","X10707","5-04-93",4,"May",1993,"13:33",63.083,-63.067,398
"323","X13284","5-04-93",4,"May",1993,".",63.917,-59.57,399
"324","X10709","5-04-93",4,"May",1993,"13:41",64.817,-65.433,400
"325","X11975","5-05-93",5,"May",1993,"18:16",58.767,-62.867,401
"326","X10700","5-07-93",7,"May",1993,"21:17",62.7,-61.183,402
"327","X13289","5-07-93",7,"May",1993,".",62.826,-62.591,403
"328","X13292","5-07-93",7,"May",1993,".",63.121,-60.69,404
"329","X10703","5-08-93",8,"May",1993,"15:37",63.617,-61.517,405
"330","X11974","5-09-93",9,"May",1993,"10:54",58.783,-62.5,406
"331","X10707","5-09-93",9,"May",1993,"17:30",63.3,-60.333,407
"332","X10709","5-09-93",9,"May",1993,"13:39",64.6,-64.167,408
"333","X11975","5-10-93",10,"May",1993,"14:53",58.95,-63.117,409
"334","X10700","5-12-93",12,"May",1993,"21:57",62.067,-62.567,410
"335","X13284","5-12-93",12,"May",1993,".",63.861,-58.382,411
"336","X10703","5-13-93",13,"May",1993,"18:23",63.5,-62.517,412
"337","X13292","5-13-93",13,"May",1993,".",63.725,-61.564,413
"338","X11974","5-14-93",14,"May",1993,"13:30",58.35,-62.3,414
"339","X10707","5-14-93",14,"May",1993,"18:09",64.25,-62.367,415
"340","X10709","5-14-93",14,"May",1993,"11:49",64.4,-65.017,416
"341","X13284","5-16-93",16,"May",1993,".",64.893,-59.319,417
"342","X10700","5-17-93",17,"May",1993,"19:13",62.233,-64,418
"343","X10703","5-18-93",18,"May",1993,"15:22",63.433,-63.167,419
"344","X11974","5-19-93",19,"May",1993,"11:44",57.617,-61.5,420
"345","X13289","5-19-93",19,"May",1993,".",62.439,-65.764,421
"346","X10709","5-19-93",19,"May",1993,"15:03",64.383,-64.767,422
"347","X13292","5-19-93",19,"May",1993,".",64.492,-61.74,423
"348","X10707","5-19-93",19,"May",1993,"12:13",64.967,-64.3,424
"349","X11975","5-20-93",20,"May",1993,"18:37",58.55,-62.55,425
"350","X13284","5-20-93",20,"May",1993,".",65.269,-59.997,426
"351","X10703","5-23-93",23,"May",1993,"19:40",62.933,-63.417,428
"352","X10709","5-24-93",24,"May",1993,"11:34",64.417,-64.933,429
"353","X10707","5-24-93",24,"May",1993,"17:50",65.35,-65.417,430
"354","X11975","5-25-93",25,"May",1993,"19:17",58.617,-62.35,431
"355","X13289","5-25-93",25,"May",1993,".",62.137,-63.896,432
"356","X13292","5-25-93",25,"May",1993,".",64.728,-60.652,433
"357","X10700","5-27-93",27,"May",1993,"20:24",63.4,-62.817,434
"358","X10703","5-28-93",28,"May",1993,"18:41",62.883,-64.15,435
"359","X13284","5-28-93",28,"May",1993,".",65.432,-59.365,436
"360","X10709","5-29-93",29,"May",1993,"16:49",64.533,-64.817,437
"361","X10707","5-29-93",29,"May",1993,"13:30",65.167,-65.217,438
"362","X13289","5-31-93",31,"May",1993,".",63.164,-62.631,439
"363","X13292","5-31-93",31,"May",1993,".",65.194,-59.762,440
"364","X10700","6-01-93",1,"June",1993,"19:33",64.083,-62,441
"365","X13284","6-01-93",1,"June",1993,".",65.361,-59.837,442
"366","X10703","6-02-93",2,"June",1993,"13:23",63.2,-64.65,443
"367","X10709","6-03-93",3,"June",1993,"17:27",64.433,-64.7,445
"368","X13284","6-05-93",5,"June",1993,".",65.6,-58.769,446
"369","X13289","6-06-93",6,"June",1993,".",64.002,-62.268,447
"370","X13292","6-06-93",6,"June",1993,".",65.621,-58.587,448
"371","X10703","6-07-93",7,"June",1993,"14:53",63.183,-64.283,449
"372","X10709","6-08-93",8,"June",1993,"18:06",64.667,-65.217,450
"373","X10707","6-08-93",8,"June",1993,"18:10",64.983,-65.05,451
"374","X11975","6-09-93",9,"June",1993,"19:34",59.067,-63.033,452
"375","X13284","6-09-93",9,"June",1993,".",65.666,-59.538,453
"376","X10700","6-11-93",11,"June",1993,"16:44",64.933,-59.667,454
"377","X10703","6-12-93",12,"June",1993,"19:42",63.4,-63.683,456
"378","X13289","6-12-93",12,"June",1993,".",64.924,-59.953,457
"379","X13292","6-12-93",12,"June",1993,".",66.216,-59.255,458
"380","X11974","6-13-93",13,"June",1993,"10:29",58.4,-62.317,459
"381","X10709","6-13-93",13,"June",1993,"12:46",64.65,-65.05,460
"382","X10707","6-13-93",13,"June",1993,"16:03",65.2,-65.1,461
"383","X13284","6-13-93",13,"June",1993,".",65.516,-59.798,462
"384","X10700","6-16-93",16,"June",1993,"16:29",65.517,-59.733,463
"385","X10703","6-17-93",17,"June",1993,"19:38",63.167,-64.4,464
"386","X13284","6-17-93",17,"June",1993,".",65.222,-59.67,465
"387","X11974","6-18-93",18,"June",1993,"11:11",58.233,-62.133,466
"388","X10709","6-18-93",18,"June",1993,"14:18",64.883,-65.6,467
"389","X13292","6-18-93",18,"June",1993,".",64.954,-59.447,468
"390","X13289","6-18-93",18,"June",1993,".",65.814,-58.996,469
"391","X11975","6-19-93",19,"June",1993,"17:34",58.833,-62.167,470
"392","X13284","6-21-93",21,"June",1993,".",65.523,-58.762,471
"393","X10700","6-21-93",21,"June",1993,"20:30",65.9,-59.033,472
"394","X10703","6-22-93",22,"June",1993,"16:57",63.433,-63.533,473
"395","X10707","6-23-93",23,"June",1993,"15:08",64.533,-63.933,474
"396","X10709","6-23-93",23,"June",1993,"15:07",65.167,-66.133,475
"397","X11975","6-24-93",24,"June",1993,"19:52",58.65,-62.467,476
"398","X13292","6-24-93",24,"June",1993,".",65.09,-59.538,477
"399","X13289","6-24-93",24,"June",1993,".",66.733,-58.699,478
"400","X13284","6-25-93",25,"June",1993,".",65.622,-58.264,479
"401","X10700","6-26-93",26,"June",1993,"16:23",65.167,-58.7,480
"402","X10703","6-27-93",27,"June",1993,"19:19",64.4,-64.3,481
"403","X10707","6-28-93",28,"June",1993,"17:25",64.75,-64.05,482
"404","X10709","6-28-93",28,"June",1993,"12:25",65.233,-65.9,484
"405","X13292","6-30-93",30,"June",1993,".",64.698,-59.785,485
"406","X13289","6-30-93",30,"June",1993,".",67.032,-58.927,486
"407","X10703","7-02-93",2,"July",1993,"16:37",64.55,-63.767,487
"408","X11974","7-03-93",3,"July",1993,"13:55",58.383,-61.783,488
"409","X10709","7-03-93",3,"July",1993,"18:04",65.333,-66.067,489
"410","X13292","7-06-93",6,"July",1993,".",63.889,-59.879,490
"411","X10700","7-06-93",6,"July",1993,"19:08",64.333,-59.583,491
"412","X13289","7-06-93",6,"July",1993,".",66.55,-56.565,492
"413","X13284","7-07-93",7,"July",1993,".",65.987,-56.629,493
"414","X10707","7-08-93",8,"July",1993,"12:09",64.9,-63.25,494
"415","X10709","7-08-93",8,"July",1993,"17:04",65.5,-65.35,495
"416","X10700","7-11-93",11,"July",1993,"20:58",64.867,-61.25,496
"417","X13284","7-11-93",11,"July",1993,".",65.875,-57.407,497
"418","X13292","7-12-93",12,"July",1993,".",64.349,-61.844,498
"419","X10703","7-12-93",12,"July",1993,"14:02",64.967,-62.967,499
"420","X13289","7-12-93",12,"July",1993,".",66.292,-56.979,500
"421","X10707","7-13-93",13,"July",1993,"17:42",64.75,-62.933,501
"422","X10709","7-13-93",13,"July",1993,"12:00",65.55,-65.8,502
"423","X13284","7-15-93",15,"July",1993,".",64.966,-58.441,503
"424","X10703","7-17-93",17,"July",1993,"17:13",64.967,-62.2,504
"425","X13292","7-18-93",18,"July",1993,".",64.754,-62.077,505
"426","X10707","7-18-93",18,"July",1993,"13:25",64.8,-62.133,506
"427","X10709","7-18-93",18,"July",1993,"13:34",65.533,-66,507
"428","X13289","7-18-93",18,"July",1993,".",66.242,-58.96,509
"429","X10703","7-22-93",22,"July",1993,"19:17",65.067,-60.867,510
"430","X10707","7-23-93",23,"July",1993,"15:45",64.933,-61.633,511
"431","X10709","7-23-93",23,"July",1993,"12:29",65.583,-66,512
"432","X13292","7-24-93",24,"July",1993,".",64.708,-62.032,513
"433","X13289","7-24-93",24,"July",1993,".",65.663,-61.487,514
"434","X10707","7-28-93",28,"July",1993,"13:18",64.85,-60.817,515
"435","X10709","7-28-93",28,"July",1993,"18:02",65.533,-66.25,516
"436","X13292","7-30-93",30,"July",1993,".",64.822,-62.748,517
"437","X13289","7-30-93",30,"July",1993,".",65.142,-62.283,518
"438","X13284","7-31-93",31,"July",1993,".",64.228,-60.095,519
"439","X10700","7-31-93",31,"July",1993,"20:46",64.683,-59.65,520
"440","X10707","8-02-93",2,"August",1993,"12:04",65.083,-61.983,522
"441","X10709","8-02-93",2,"August",1993,"11:32",65.65,-65.933,525
"442","X13284","8-04-93",4,"August",1993,".",64.529,-60.31,527
"443","X13289","8-05-93",5,"August",1993,".",64.978,-61.739,528
"444","X13292","8-05-93",5,"August",1993,".",64.981,-62.923,529
"445","X10707","8-07-93",7,"August",1993,"12:42",64.833,-61.617,531
"446","X10700","8-10-93",10,"August",1993,"21:54",65.817,-61.017,532
"447","X11974","8-12-93",12,"August",1993,"10:05",59.1,-63.4,535
"448","X10709","8-12-93",12,"August",1993,"16:40",65.5,-65.367,536
"449","X13289","8-17-93",17,"August",1993,".",64.953,-62.851,540
"450","X13284","8-20-93",20,"August",1993,".",66.176,-59.754,541
"451","X10700","8-20-93",20,"August",1993,"20:01",66.433,-61.667,542
"452","X10703","8-21-93",21,"August",1993,"19:39",65.2,-63.85,543
"453","X10707","8-22-93",22,"August",1993,"14:20",64.833,-64.983,545
"454","X10709","8-27-93",27,"August",1993,"16:59",64.75,-65.917,548
"455","X10703","9-05-93",5,"September",1993,"18:29",65.15,-64.433,555
"456","X10703","9-10-93",10,"September",1993,"17:28",64.817,-65.65,557
"457","X10703","9-25-93",25,"September",1993,"13:50",64.5,-65.25,567
"458","X13437","10-08-93",8,"October",1993,".",66.406,-61.724,583
"459","X13437","10-19-93",19,"October",1993,".",66.429,-61.847,595
"460","X13437","10-25-93",25,"October",1993,".",66.397,-61.921,600
"461","X13437","10-31-93",31,"October",1993,".",66.407,-61.659,604
"462","X13428","10-31-93",31,"October",1993,".",66.627,-61.269,605
"463","X13292","11-03-93",3,"November",1993,".",64.979,-63.416,606
"464","X13289","11-03-93",3,"November",1993,".",65.145,-63.354,607
"465","X10700","11-03-93",3,"November",1993,"18:15",66.75,-61.417,608
"466","X13428","11-06-93",6,"November",1993,".",66.447,-60.197,610
"467","X13437","11-06-93",6,"November",1993,".",66.492,-60.31,611
"468","X10700","11-08-93",8,"November",1993,"16:22",66.133,-61.233,612
"469","X13289","11-09-93",9,"November",1993,".",64.942,-63.042,614
"470","X10709","11-10-93",10,"November",1993,"11:52",64.517,-65.617,616
"471","X13437","11-12-93",12,"November",1993,".",65.765,-59.181,618
"472","X13428","11-12-93",12,"November",1993,".",65.807,-59.573,619
"473","X10700","11-13-93",13,"November",1993,"19:32",65.95,-59.617,620
"474","X10703","11-14-93",14,"November",1993,"17:37",64.417,-64.883,621
"475","X13292","11-15-93",15,"November",1993,".",63.64,-61.915,622
"476","X13289","11-15-93",15,"November",1993,".",63.75,-62.038,623
"477","X13428","11-18-93",18,"November",1993,".",64.676,-60.587,624
"478","X13437","11-18-93",18,"November",1993,".",64.838,-60.542,625
"479","X10700","11-18-93",18,"November",1993,"19:22",64.883,-60.05,626
"480","X10703","11-19-93",19,"November",1993,"16:39",64.383,-64.617,627
"481","X10709","11-20-93",20,"November",1993,"15:22",64.5,-65,628
"482","X13292","11-21-93",21,"November",1993,".",62.421,-63.834,629
"483","X13289","11-21-93",21,"November",1993,".",62.832,-62.866,630
"484","X10700","11-23-93",23,"November",1993,"20:54",64.767,-61.25,631
"485","X10703","11-24-93",24,"November",1993,"17:17",64.25,-64.333,632
"486","X13428","11-24-93",24,"November",1993,".",65.244,-60.452,633
"487","X13428","11-30-93",30,"November",1993,".",64.232,-60.541,635
"488","X13437","11-30-93",30,"November",1993,".",64.346,-60.983,636
"489","X13292","12-03-93",3,"December",1993,".",60.387,-62.023,637
"490","X10703","12-04-93",4,"December",1993,"15:22",63.967,-64.183,638
"491","X10709","12-05-93",5,"December",1993,"16:43",64.383,-64.733,639
"492","X13437","12-06-93",6,"December",1993,".",64.724,-58.968,640
"493","X13428","12-06-93",6,"December",1993,".",65.091,-60.332,641
"494","X13292","12-09-93",9,"December",1993,".",59.185,-60.048,642
"495","X13289","12-09-93",9,"December",1993,".",62.769,-63.849,643
"496","X10709","12-10-93",10,"December",1993,"14:54",64.683,-65.117,644
"497","X13428","12-12-93",12,"December",1993,".",65.928,-57.826,645
"498","X13289","12-15-93",15,"December",1993,".",62.769,-63.849,647
"499","X10709","12-15-93",15,"December",1993,"18:01",64.517,-64.317,648
"500","X10700","12-18-93",18,"December",1993,"20:16",64.167,-60,649
"501","X13437","12-18-93",18,"December",1993,".",64.679,-59.899,650
"502","X13428","12-18-93",18,"December",1993,".",66.298,-56.479,651
"503","X10709","12-20-93",20,"December",1993,"16:58",64.5,-64.75,652
"504","X13292","12-21-93",21,"December",1993,".",59.724,-62.489,653
"505","X10700","12-23-93",23,"December",1993,"19:46",63.533,-59.667,654
"506","X10703","12-24-93",24,"December",1993,"13:12",63.367,-63.15,655
"507","X13428","12-24-93",24,"December",1993,".",67.546,-56.235,656
"508","X13284","12-26-93",26,"December",1993,".",66.538,-60.313,657
"509","X13292","12-27-93",27,"December",1993,".",60.415,-61.484,658
"510","X10700","12-28-93",28,"December",1993,"20:25",63.467,-59.017,659
"511","X13437","12-30-93",30,"December",1993,".",64.52,-56.035,661
"512","X10709","12-30-93",30,"December",1993,"16:42",64.65,-64.4,662
"513","X13284","12-30-93",30,"December",1993,".",66.317,-59.577,663
"514","X13428","12-30-93",30,"December",1993,".",67.448,-54.93,664
"515","X13292","1-02-94",2,"January",1994,".",59.539,-60.863,665
"516","X13289","1-02-94",2,"January",1994,".",62.769,-63.849,666
"517","X10700","1-02-94",2,"January",1994,"21:06",63.917,-58.067,667
"518","X13284","1-03-94",3,"January",1994,".",65.682,-59.4,668
"519","X10700","1-07-94",7,"January",1994,"20:03",63.483,-59.567,669
"520","X13292","1-08-94",8,"January",1994,".",57.372,-60.99,670
"521","X13437","1-11-94",11,"January",1994,".",62.905,-61.905,672
"522","X10709","1-11-94",11,"January",1994,"1:23",65.217,-66.55,673
"523","X13428","1-11-94",11,"January",1994,".",67.003,-57.535,674
"524","X10700","1-12-94",12,"January",1994,"21:16",62.183,-61.267,675
"525","X10703","1-13-94",13,"January",1994,"19:18",62.217,-64.167,676
"526","X13292","1-14-94",14,"January",1994,".",56.663,-59.972,677
"527","X13289","1-14-94",14,"January",1994,".",62.769,-63.849,678
"528","X10709","1-16-94",16,"January",1994,"1:15",65.417,-66.25,679
"529","X10700","1-17-94",17,"January",1994,"21:19",61,-60.533,680
"530","X13437","1-17-94",17,"January",1994,".",62.935,-63.728,681
"531","X13428","1-17-94",17,"January",1994,".",65.86,-58.26,682
"532","X10703","1-18-94",18,"January",1994,"17:51",63.167,-63.533,683
"533","X13284","1-19-94",19,"January",1994,".",61.347,-60.331,684
"534","X13292","1-20-94",20,"January",1994,".",56.769,-58.5,685
"535","X13289","1-20-94",20,"January",1994,".",62.769,-63.849,686
"536","X10700","1-22-94",22,"January",1994,"22:00",61.1,-60.583,687
"537","X10703","1-23-94",23,"January",1994,"15:48",62.883,-62.45,688
"538","X13437","1-23-94",23,"January",1994,".",62.999,-62.34,689
"539","X13284","1-23-94",23,"January",1994,".",63.694,-60.168,690
"540","X13428","1-23-94",23,"January",1994,".",65.1,-55.503,691
"541","X10703","1-28-94",28,"January",1994,"14:01",62.183,-63.317,692
"542","X13428","1-29-94",29,"January",1994,".",65.006,-55.376,693
"543","X13284","1-31-94",31,"January",1994,".",63.567,-60.752,694
"544","X13292","2-01-94",1,"February",1994,".",54.59,-53.702,695
"545","X10700","2-01-94",1,"February",1994,"19:55",58.883,-59.617,696
"546","X13289","2-01-94",1,"February",1994,".",62.769,-63.849,697
"547","X10703","2-02-94",2,"February",1994,"13:55",61.067,-62.667,698
"548","X13437","2-04-94",4,"February",1994,".",62.839,-63.452,700
"549","X13428","2-04-94",4,"February",1994,".",64.934,-56.325,701
"550","X10703","2-07-94",7,"February",1994,"18:42",62.483,-64.067,702
"551","X13289","2-07-94",7,"February",1994,".",62.769,-63.849,703
"552","X13284","2-08-94",8,"February",1994,".",61.856,-58.334,704
"553","X13437","2-10-94",10,"February",1994,".",62.913,-63.687,705
"554","X13428","2-10-94",10,"February",1994,".",64.211,-56.928,706
"555","X10700","2-11-94",11,"February",1994,"22:07",58.55,-62.35,707
"556","X10703","2-12-94",12,"February",1994,"13:39",63.25,-63.667,708
"557","X13289","2-13-94",13,"February",1994,".",62.769,-63.849,709
"558","X10709","2-15-94",15,"February",1994,"0:24",64.717,-63.583,711
"559","X13437","2-16-94",16,"February",1994,".",62.84,-62.625,713
"560","X13428","2-16-94",16,"February",1994,".",64.613,-55.856,714
"561","X10703","2-17-94",17,"February",1994,"13:29",63.35,-62.3,715
"562","X13292","2-19-94",19,"February",1994,".",54.346,-54.367,716
"563","X13289","2-19-94",19,"February",1994,".",62.769,-63.849,717
"564","X13284","2-20-94",20,"February",1994,".",62.867,-58.344,718
"565","X13437","2-22-94",22,"February",1994,".",63.062,-58.081,719
"566","X10703","2-22-94",22,"February",1994,"13:25",63.15,-63.067,720
"567","X13428","2-22-94",22,"February",1994,".",64.676,-57.174,721
"568","X13289","2-25-94",25,"February",1994,".",62.769,-63.849,722
"569","X10703","2-27-94",27,"February",1994,"16:33",62.967,-64.233,724
"570","X13292","3-03-94",3,"March",1994,".",54.63,-55.747,725
"571","X13289","3-03-94",3,"March",1994,".",62.769,-63.849,727
"572","X13284","3-04-94",4,"March",1994,".",60.953,-57.275,728
"573","X10703","3-04-94",4,"March",1994,"18:38",62.833,-64.483,729
"574","X13428","3-06-94",6,"March",1994,".",63.882,-61.77,732
"575","X10700","3-08-94",8,"March",1994,"21:10",59.567,-63.55,733
"576","X13284","3-08-94",8,"March",1994,".",61.682,-57.783,734
"577","X13292","3-09-94",9,"March",1994,".",54.765,-53.514,735
"578","X10703","3-09-94",9,"March",1994,"17:54",63,-64.633,736
"579","X10393","3-11-94",11,"March",1994,"20:23",53.067,-54.767,739
"580","X12080","3-12-94",12,"March",1994,"18:38",52.367,-53.917,740
"581","X13428","3-12-94",12,"March",1994,".",63.888,-61.586,741
"582","X10700","3-13-94",13,"March",1994,"23:03",60.1,-60.367,742
"583","X10703","3-14-94",14,"March",1994,"19:58",63.05,-63.917,743
"584","X13292","3-15-94",15,"March",1994,".",53.877,-52.589,745
"585","X13289","3-15-94",15,"March",1994,".",62.769,-63.849,747
"586","X12080","3-17-94",17,"March",1994,"21:34",52.467,-53.433,749
"587","X10709","3-17-94",17,"March",1994,"1:20",64.683,-64.867,750
"588","X13437","3-18-94",18,"March",1994,".",59.847,-59.074,751
"589","X10700","3-18-94",18,"March",1994,"22:55",61.3,-57.733,752
"590","X13428","3-18-94",18,"March",1994,".",63.544,-61.334,753
"591","X12078","3-19-94",19,"March",1994,"18:56",55.35,-56.317,754
"592","X10703","3-19-94",19,"March",1994,"14:18",63.067,-64.05,755
"593","X13292","3-21-94",21,"March",1994,".",54.204,-55.395,758
"594","X13289","3-21-94",21,"March",1994,".",62.769,-63.849,760
"595","X12080","3-22-94",22,"March",1994,"18:21",53.15,-52.983,761
"596","X10700","3-23-94",23,"March",1994,"21:32",61.2,-59.467,765
"597","X13437","3-24-94",24,"March",1994,".",60.061,-60.182,766
"598","X10703","3-24-94",24,"March",1994,"16:16",62.5,-64.317,767
"599","X13428","3-24-94",24,"March",1994,".",62.969,-61.403,768
"600","X13284","3-24-94",24,"March",1994,".",63.099,-62.407,769
"601","X11975","3-26-94",26,"March",1994,"20:52",58.7,-63.017,772
"602","X12080","3-27-94",27,"March",1994,"20:40",53.8,-54.383,773
"603","X13289","3-27-94",27,"March",1994,".",62.769,-63.849,775
"604","X12081","3-28-94",28,"March",1994,"14:26",54.817,-56.15,776
"605","X10700","3-28-94",28,"March",1994,"20:57",60.533,-59.3,777
"606","X10703","3-29-94",29,"March",1994,"15:18",63.15,-64.067,778
"607","X12082","3-30-94",30,"March",1994,"21:58",52.633,-55.217,779
"608","X11974","3-30-94",30,"March",1994,"12:08",58.2,-62.2,781
"609","X13437","3-30-94",30,"March",1994,".",59.986,-60.39,782
"610","X13428","3-30-94",30,"March",1994,".",62.681,-58.548,783
"611","X11975","3-31-94",31,"March",1994,"18:11",58.55,-62.917,784
"612","X12080","4-01-94",1,"April",1994,"21:20",54.8,-54.667,785
"613","X10393","4-01-94",1,"April",1994,"11:21",55.3,-56.267,786
"614","X13284","4-01-94",1,"April",1994,".",62.71,-62.801,787
"615","X10700","4-02-94",2,"April",1994,"22:32",60.917,-58.25,788
"616","X13289","4-02-94",2,"April",1994,".",62.579,-63.741,789
"617","X10703","4-03-94",3,"April",1994,"13:56",63.417,-63.8,790
"618","X12082","4-04-94",4,"April",1994,"21:50",52.6,-55.7,791
"619","X11974","4-04-94",4,"April",1994,"10:47",58.1,-62.183,794
"620","X03956","4-04-94",4,"April",1994,"20:42",58.15,-62.267,796
"621","X11975","4-05-94",5,"April",1994,"20:31",58.483,-62.867,797
"622","X10374","4-05-94",5,"April",1994,"23:07",58.9,-63.017,798
"623","X13428","4-05-94",5,"April",1994,".",61.722,-57.5,799
"624","X13284","4-05-94",5,"April",1994,".",62.304,-63.784,800
"625","X10393","4-06-94",6,"April",1994,"10:23",54.367,-55.083,801
"626","X12080","4-06-94",6,"April",1994,"20:14",55.2,-53.767,802
"627","X12092","4-06-94",6,"April",1994,"21:04",59.55,-63.733,803
"628","X10709","4-06-94",6,"April",1994,"0:49",64.433,-63.75,804
"629","X10700","4-07-94",7,"April",1994,"20:43",61.75,-59.583,805
"630","X13292","4-08-94",8,"April",1994,".",54.043,-54.438,806
"631","X12081","4-08-94",8,"April",1994,"11:41",54.933,-55.133,807
"632","X12078","4-08-94",8,"April",1994,"13:50",55.117,-55.867,808
"633","X13289","4-08-94",8,"April",1994,".",61.924,-63.803,809
"634","X10703","4-08-94",8,"April",1994,"19:54",63.75,-64.033,810
"635","X12082","4-09-94",9,"April",1994,"18:03",55.15,-55.633,811
"636","X11974","4-09-94",9,"April",1994,"11:27",58.05,-62.25,812
"637","X12086","4-09-94",9,"April",1994,"23:20",58.317,-62.55,813
"638","X03956","4-09-94",9,"April",1994,"23:15",58.833,-62.2,815
"639","X13284","4-09-94",9,"April",1994,".",61.538,-63.303,816
"640","X11975","4-10-94",10,"April",1994,"19:38",58.567,-62.883,817
"641","X10374","4-10-94",10,"April",1994,"21:08",58.933,-62.8,818
"642","X12080","4-11-94",11,"April",1994,"20:54",55.033,-56.55,819
"643","X13428","4-11-94",11,"April",1994,".",59.956,-58.611,820
"644","X12078","4-13-94",13,"April",1994,"10:37",54.6,-55.95,821
"645","X12081","4-13-94",13,"April",1994,"20:30",55.533,-55.933,822
"646","X13284","4-13-94",13,"April",1994,".",61.033,-62.398,823
"647","X13437","4-13-94",13,"April",1994,".",61.735,-60.759,824
"648","X10703","4-13-94",13,"April",1994,"18:53",63.767,-63.8,825
"649","X13292","4-14-94",14,"April",1994,".",55.061,-56.509,827
"650","X12082","4-14-94",14,"April",1994,"19:53",56.133,-57.183,828
"651","X11974","4-14-94",14,"April",1994,"13:20",58.05,-62.183,829
"652","X03956","4-14-94",14,"April",1994,"23:15",58.333,-61.783,830
"653","X12086","4-14-94",14,"April",1994,"23:11",58.417,-62.6,831
"654","X13289","4-14-94",14,"April",1994,".",61.464,-63.776,832
"655","X12086","4-15-94",15,"April",1994,"0:56",58.417,-62.367,833
"656","X10374","4-15-94",15,"April",1994,"21:12",59.05,-63,835
"657","X10393","4-16-94",16,"April",1994,"20:46",54.867,-56.917,836
"658","X12080","4-16-94",16,"April",1994,"19:56",55.183,-56.05,837
"659","X12092","4-16-94",16,"April",1994,"18:16",60.65,-64.4,838
"660","X13428","4-17-94",17,"April",1994,".",59.97,-59.971,839
"661","X13284","4-17-94",17,"April",1994,".",61.913,-60.247,840
"662","X10703","4-18-94",18,"April",1994,"20:08",63.583,-62.4,841
"663","X11974","4-19-94",19,"April",1994,"13:12",57.867,-61.85,843
"664","X12086","4-19-94",19,"April",1994,"23:05",58.05,-62.2,844
"665","X13437","4-19-94",19,"April",1994,".",62.099,-60.811,846
"666","X13292","4-20-94",20,"April",1994,".",56.309,-59.218,847
"667","X12086","4-20-94",20,"April",1994,"0:45",58.05,-62.267,848
"668","X11975","4-20-94",20,"April",1994,"19:05",58.65,-62.833,849
"669","X10374","4-20-94",20,"April",1994,"21:00",59.8,-62.317,850
"670","X13289","4-20-94",20,"April",1994,".",61.496,-64.406,851
"671","X10393","4-21-94",21,"April",1994,"20:34",55.583,-57.8,852
"672","X12080","4-21-94",21,"April",1994,"20:35",56.117,-56.433,853
"673","X12092","4-21-94",21,"April",1994,"20:37",60.8,-65.133,854
"674","X10709","4-21-94",21,"April",1994,"2:09",64.017,-64.333,855
"675","X13428","4-23-94",23,"April",1994,".",61.153,-61.725,856
"676","X10703","4-23-94",23,"April",1994,"15:05",63.6,-63.45,857
"677","X12081","4-24-94",24,"April",1994,"11:44",56.617,-54.4,858
"678","X12082","4-24-94",24,"April",1994,"18:21",57.15,-54.783,859
"679","X11974","4-24-94",24,"April",1994,"11:24",57.283,-61.317,860
"680","X12086","4-24-94",24,"April",1994,"22:56",58.25,-62.617,861
"681","X03956","4-25-94",25,"April",1994,"8:09",58.083,-62.383,862
"682","X11975","4-25-94",25,"April",1994,"21:25",58.533,-62.9,863
"683","X13437","4-25-94",25,"April",1994,".",63.759,-61.669,864
"684","X10393","4-26-94",26,"April",1994,"23:52",55.05,-56.117,865
"685","X12080","4-26-94",26,"April",1994,"21:15",56.767,-58.183,866
"686","X13292","4-26-94",26,"April",1994,".",58.259,-61.569,867
"687","X10374","4-26-94",26,"April",1994,"0:14",60.233,-63.55,868
"688","X12092","4-26-94",26,"April",1994,"21:17",60.683,-66.2,869
"689","X13289","4-26-94",26,"April",1994,".",61.225,-64.147,870
"690","X10709","4-26-94",26,"April",1994,"0:16",64.65,-64.3,871
"691","X10700","4-27-94",27,"April",1994,"20:10",64.483,-60.933,872
"692","X10703","4-28-94",28,"April",1994,"19:50",63.533,-63.433,873
"693","X12082","4-29-94",29,"April",1994,"18:58",55.9,-58.233,875
"694","X12081","4-29-94",29,"April",1994,"22:48",56.933,-57.5,876
"695","X03956","4-30-94",30,"April",1994,"8:52",58.6,-62.817,880
"696","X11975","4-30-94",30,"April",1994,"18:44",58.617,-62.917,881
"697","X10374","4-30-94",30,"April",1994,"22:30",60.417,-65.017,882
"698","X12080","5-01-94",1,"May",1994,"20:13",57.4,-58.9,883
"699","X12092","5-01-94",1,"May",1994,"21:56",60,-66.567,884
"700","X13437","5-01-94",1,"May",1994,".",64.309,-60.494,885
"701","X13292","5-02-94",2,"May",1994,".",59.357,-62.268,886
"702","X13289","5-02-94",2,"May",1994,".",61.206,-63.56,887
"703","X10700","5-02-94",2,"May",1994,"20:07",64.483,-62.15,888
"704","X10703","5-03-94",3,"May",1994,"19:44",63.217,-63.633,889
"705","X12082","5-04-94",4,"May",1994,"14:29",56.5,-58.183,891
"706","X11975","5-05-94",5,"May",1994,"21:05",58.567,-62.75,892
"707","X03956","5-05-94",5,"May",1994,"11:08",58.8,-62.883,893
"708","X10374","5-05-94",5,"May",1994,"21:07",60.483,-64.9,894
"709","X13428","5-05-94",5,"May",1994,".",65.369,-62.723,895
"710","X12080","5-06-94",6,"May",1994,"21:57",57.25,-58.9,896
"711","X12092","5-06-94",6,"May",1994,"21:55",59.883,-65.833,897
"712","X10393","5-07-94",7,"May",1994,"9:03",55.15,-56.6,898
"713","X13284","5-07-94",7,"May",1994,".",63.894,-61.181,899
"714","X13437","5-07-94",7,"May",1994,".",64.043,-60.548,900
"715","X10700","5-07-94",7,"May",1994,"18:59",64.533,-61.333,901
"716","X13292","5-08-94",8,"May",1994,".",60.901,-61.557,902
"717","X13289","5-08-94",8,"May",1994,".",61.845,-64.249,903
"718","X10703","5-08-94",8,"May",1994,"17:07",62.983,-63.883,904
"719","X12082","5-09-94",9,"May",1994,"19:14",55.95,-58.083,905
"720","X11975","5-10-94",10,"May",1994,"21:44",58.583,-62.9,908
"721","X10374","5-10-94",10,"May",1994,"23:52",61.267,-64.65,909
"722","X12080","5-11-94",11,"May",1994,"21:35",57.867,-59.4,910
"723","X12092","5-11-94",11,"May",1994,"21:30",60.617,-65.733,911
"724","X10709","5-11-94",11,"May",1994,"1:34",64.517,-65.283,912
"725","X10700","5-12-94",12,"May",1994,"21:20",64.633,-61.533,914
"726","X10703","5-13-94",13,"May",1994,"17:50",63.3,-63.383,915
"727","X12082","5-14-94",14,"May",1994,"19:08",56.633,-57.25,916
"728","X11974","5-14-94",14,"May",1994,"14:15",57.567,-61.633,917
"729","X12086","5-14-94",14,"May",1994,"22:23",58.55,-62.8,918
"730","X13289","5-14-94",14,"May",1994,".",62.783,-62.235,919
"731","X13292","5-14-94",14,"May",1994,".",64.058,-62.522,920
"732","X03956","5-15-94",15,"May",1994,"17:23",58.45,-62.533,921
"733","X10374","5-15-94",15,"May",1994,"20:43",62.283,-64.167,923
"734","X13284","5-15-94",15,"May",1994,".",64.562,-59.837,924
"735","X12080","5-16-94",16,"May",1994,"21:39",59.067,-60.667,925
"736","X12092","5-16-94",16,"May",1994,"21:40",60.75,-65.067,926
"737","X10700","5-17-94",17,"May",1994,"21:20",64.4,-60.4,927
"738","X13428","5-17-94",17,"May",1994,".",65.977,-62.136,928
"739","X10703","5-18-94",18,"May",1994,"19:19",63.117,-63.317,929
"740","X11974","5-19-94",19,"May",1994,"10:45",57.617,-61.733,930
"741","X12086","5-19-94",19,"May",1994,"23:53",58.533,-62.633,931
"742","X13284","5-19-94",19,"May",1994,".",64.302,-59.584,932
"743","X03956","5-20-94",20,"May",1994,"15:21",58.15,-62.7,933
"744","X11975","5-20-94",20,"May",1994,"21:53",58.567,-62.8,934
"745","X10374","5-20-94",20,"May",1994,"21:23",61.767,-64.25,935
"746","X13289","5-20-94",20,"May",1994,".",63.635,-61.59,936
"747","X12080","5-21-94",21,"May",1994,"21:33",59.083,-59.983,937
"748","X10700","5-22-94",22,"May",1994,"22:50",64.617,-60.9,938
"749","X12078","5-23-94",23,"May",1994,"0:33",58.55,-62.25,939
"750","X10703","5-23-94",23,"May",1994,"19:15",63.217,-63.917,940
"751","X13428","5-23-94",23,"May",1994,".",66.306,-61.653,941
"752","X03956","5-25-94",25,"May",1994,"20:21",58.3,-62.567,944
"753","X11975","5-25-94",25,"May",1994,"20:20",58.567,-62.783,945
"754","X12080","5-26-94",26,"May",1994,"21:49",58.75,-59.85,946
"755","X12092","5-26-94",26,"May",1994,"21:24",60.783,-66.6,947
"756","X13289","5-26-94",26,"May",1994,".",63.504,-61.763,948
"757","X10709","5-26-94",26,"May",1994,"1:09",64.467,-64.95,949
"758","X10700","5-27-94",27,"May",1994,"21:36",64.717,-61.567,950
"759","X13284","5-27-94",27,"May",1994,".",64.862,-60.56,951
"760","X10703","5-28-94",28,"May",1994,"19:05",63.7,-63.967,952
"761","X13428","5-29-94",29,"May",1994,".",66.187,-62.341,953
"762","X03956","5-30-94",30,"May",1994,"21:36",58.567,-62.8,954
"763","X11975","5-30-94",30,"May",1994,"21:37",58.583,-62.75,955
"764","X10374","5-30-94",30,"May",1994,"23:18",60.133,-63.017,956
"765","X12080","5-31-94",31,"May",1994,"21:18",59.4,-61.5,957
"766","X12092","5-31-94",31,"May",1994,"21:20",60.533,-65.667,958
"767","X10709","5-31-94",31,"May",1994,"1:01",64.4,-65.033,959
"768","X13284","5-31-94",31,"May",1994,".",65.948,-59.579,960
"769","X13292","6-01-94",1,"June",1994,".",63.557,-62.439,961
"770","X13289","6-01-94",1,"June",1994,".",64.327,-61.324,962
"771","X10700","6-01-94",1,"June",1994,"22:38",65.067,-60.017,963
"772","X10703","6-02-94",2,"June",1994,"18:41",63.75,-64.167,964
"773","X12086","6-03-94",3,"June",1994,"23:32",58.017,-62.25,965
"774","X11974","6-03-94",3,"June",1994,"13:34",58.2,-62.167,966
"775","X12086","6-04-94",4,"June",1994,"1:15",58.017,-62.133,967
"776","X03956","6-04-94",4,"June",1994,"23:09",58.517,-62.617,969
"777","X10374","6-04-94",4,"June",1994,"19:55",60.067,-63.2,970
"778","X13284","6-04-94",4,"June",1994,".",65.91,-58.423,971
"779","X13428","6-04-94",4,"June",1994,".",66.23,-61.736,972
"780","X12080","6-05-94",5,"June",1994,"19:30",59.683,-61.717,973
"781","X12078","6-06-94",6,"June",1994,"21:13",59.9,-63.067,975
"782","X10700","6-06-94",6,"June",1994,"21:21",65.667,-59.65,976
"783","X10703","6-07-94",7,"June",1994,"17:43",63.633,-64.067,977
"784","X13292","6-07-94",7,"June",1994,".",64.754,-61.697,978
"785","X13289","6-07-94",7,"June",1994,".",65.184,-60.574,979
"786","X11974","6-08-94",8,"June",1994,"10:54",58.167,-62.267,980
"787","X12086","6-08-94",8,"June",1994,"23:22",58.283,-62.15,981
"788","X10374","6-09-94",9,"June",1994,"22:19",59.883,-63.9,983
"789","X12092","6-10-94",10,"June",1994,"18:45",60.75,-63.367,984
"790","X10709","6-10-94",10,"June",1994,"0:46",64.467,-64.65,985
"791","X13428","6-10-94",10,"June",1994,".",66.695,-59.807,986
"792","X10700","6-11-94",11,"June",1994,"18:34",66,-58.083,987
"793","X10703","6-12-94",12,"June",1994,"20:03",63.683,-63.833,988
"794","X13292","6-13-94",13,"June",1994,".",65.261,-59.254,989
"795","X13289","6-13-94",13,"June",1994,".",66.226,-58.59,990
"796","X10374","6-14-94",14,"June",1994,"21:12",59.967,-63.15,992
"797","X12092","6-15-94",15,"June",1994,"21:04",60.85,-64.3,993
"798","X12080","6-15-94",15,"June",1994,"15:59",61.7,-64.283,994
"799","X10709","6-15-94",15,"June",1994,"0:38",64.483,-64.7,995
"800","X10700","6-16-94",16,"June",1994,"20:52",66.733,-58.233,996
"801","X13428","6-16-94",16,"June",1994,".",66.948,-60.932,997
"802","X10703","6-17-94",17,"June",1994,"19:00",63.6,-63.817,998
"803","X11974","6-18-94",18,"June",1994,"13:16",57.983,-62.267,999
"804","X13292","6-19-94",19,"June",1994,".",65.026,-61.709,1001
"805","X13289","6-19-94",19,"June",1994,".",66.173,-60.715,1002
"806","X12080","6-20-94",20,"June",1994,"20:44",61.85,-64.15,1003
"807","X13284","6-20-94",20,"June",1994,".",65.313,-59.57,1004
"808","X10700","6-21-94",21,"June",1994,"19:53",66.117,-58.583,1005
"809","X10703","6-22-94",22,"June",1994,"17:59",63.733,-63.65,1006
"810","X13428","6-22-94",22,"June",1994,".",68.175,-57.944,1007
"811","X12086","6-24-94",24,"June",1994,"0:39",58.3,-62.617,1008
"812","X11975","6-24-94",24,"June",1994,"20:52",58.55,-62.9,1009
"813","X12092","6-25-94",25,"June",1994,"22:16",60.367,-63.667,1010
"814","X12080","6-25-94",25,"June",1994,"19:01",62.083,-63.95,1012
"815","X13292","6-25-94",25,"June",1994,".",64.559,-61.879,1013
"816","X13289","6-25-94",25,"June",1994,".",65.796,-60.133,1014
"817","X10700","6-26-94",26,"June",1994,"20:34",66.733,-57.8,1015
"818","X10703","6-27-94",27,"June",1994,"19:56",63.767,-62.45,1016
"819","X13428","6-28-94",28,"June",1994,".",67.669,-56.157,1019
"820","X12092","6-30-94",30,"June",1994,"22:07",60.8,-64.167,1020
"821","X12080","6-30-94",30,"June",1994,"20:30",62.867,-62.817,1021
"822","X13289","7-01-94",1,"July",1994,".",65.356,-59.827,1022
"823","X10703","7-02-94",2,"July",1994,"15:58",64.633,-62.317,1023
"824","X11975","7-04-94",4,"July",1994,"17:11",58.333,-62.55,1024
"825","X10374","7-04-94",4,"July",1994,"20:30",60.1,-62.5,1025
"826","X13428","7-04-94",4,"July",1994,".",67.324,-56.542,1026
"827","X12080","7-05-94",5,"July",1994,"17:05",62.6,-63.717,1027
"828","X10700","7-06-94",6,"July",1994,"20:10",66.183,-58.25,1028
"829","X13292","7-07-94",7,"July",1994,".",62.319,-63.585,1029
"830","X13289","7-07-94",7,"July",1994,".",65.574,-60.905,1030
"831","X12092","7-10-94",10,"July",1994,"20:57",60.683,-63.767,1031
"832","X12080","7-10-94",10,"July",1994,"19:17",63.283,-63.767,1032
"833","X13428","7-10-94",10,"July",1994,".",66.506,-57.447,1033
"834","X10703","7-12-94",12,"July",1994,"18:56",64.817,-60.317,1034
"835","X13292","7-13-94",13,"July",1994,".",62.374,-64.189,1035
"836","X13289","7-13-94",13,"July",1994,".",65.89,-61.327,1036
"837","X13284","7-14-94",14,"July",1994,".",65.318,-57.852,1037
"838","X12080","7-15-94",15,"July",1994,"18:19",63.45,-63.783,1038
"839","X13428","7-16-94",16,"July",1994,".",66.493,-57.348,1039
"840","X10703","7-17-94",17,"July",1994,"16:10",64.783,-61.7,1040
"841","X12086","7-18-94",18,"July",1994,"22:18",57.3,-60.683,1041
"842","X13292","7-19-94",19,"July",1994,".",62.706,-63.43,1042
"843","X13289","7-19-94",19,"July",1994,".",64.924,-58.957,1043
"844","X12092","7-20-94",20,"July",1994,"20:39",61.017,-64.933,1044
"845","X12080","7-20-94",20,"July",1994,"20:38",64.067,-63.783,1045
"846","X10700","7-21-94",21,"July",1994,"21:15",66.367,-56.717,1046
"847","X13428","7-22-94",22,"July",1994,".",65.995,-56.476,1047
"848","X13292","7-25-94",25,"July",1994,".",63.061,-62.735,1048
"849","X12080","7-25-94",25,"July",1994,"21:29",64.25,-63.6,1049
"850","X13289","7-25-94",25,"July",1994,".",64.337,-59.606,1050
"851","X13284","7-26-94",26,"July",1994,".",66.019,-57.397,1051
"852","X12080","7-30-94",30,"July",1994,"16:58",63.967,-63.867,1052
"853","X13289","7-31-94",31,"July",1994,".",62.222,-62.48,1053
"854","X10700","7-31-94",31,"July",1994,"18:22",65.767,-58.333,1054
"855","X13428","8-03-94",3,"August",1994,".",65.112,-59.943,1055
"856","X13284","8-03-94",3,"August",1994,".",66.264,-57.538,1056
"857","X12080","8-04-94",4,"August",1994,"19:14",64.117,-63.717,1058
"858","X10700","8-05-94",5,"August",1994,"22:31",66.967,-58.083,1059
"859","X13289","8-06-94",6,"August",1994,".",63.272,-64.192,1060
"860","X13292","8-06-94",6,"August",1994,".",63.976,-63.58,1061
"861","X13428","8-09-94",9,"August",1994,".",65.302,-61.056,1062
"862","X12080","8-14-94",14,"August",1994,"20:33",63.7,-64,1066
"863","X12092","8-19-94",19,"August",1994,"19:28",60.383,-64.517,1068
"864","X12080","8-19-94",19,"August",1994,"19:29",63.2,-64.55,1069
"865","X11975","8-23-94",23,"August",1994,"21:02",58.85,-63.117,1070
"866","X13289","8-24-94",24,"August",1994,".",63.929,-64.158,1072
"867","X13289","8-30-94",30,"August",1994,".",64.095,-64.533,1073
"868","X13292","8-30-94",30,"August",1994,".",64.275,-64.628,1074
"869","X11975","9-02-94",2,"September",1994,"19:06",58.85,-63.117,1075
"870","X12092","9-03-94",3,"September",1994,"22:02",60.383,-64.517,1077
"871","X13746","9-09-94",9,"September",1994,".",67.265,-63.194,1084
"872","X12080","9-13-94",13,"September",1994,"17:43",64.083,-64.583,1090
"873","X13746","9-20-94",20,"September",1994,".",67.078,-63.61,1099
"874","X11975","9-27-94",27,"September",1994,"19:51",59.3,-63.5,1107
"875","X12080","9-28-94",28,"September",1994,"18:04",64.233,-64.283,1108
"876","X13289","9-29-94",29,"September",1994,".",64.094,-64.478,1110
"877","X11975","10-07-94",7,"October",1994,"21:27",59.25,-63.533,1121
"878","X12080","10-13-94",13,"October",1994,"21:40",64,-64.583,1132
"879","X13289","10-17-94",17,"October",1994,".",64.151,-64.591,1136
"880","X12080","10-18-94",18,"October",1994,"20:34",63.967,-64.417,1139
"881","X12080","10-28-94",28,"October",1994,"22:13",63.8,-64.1,1149
"882","X13289","10-29-94",29,"October",1994,".",64.756,-65.353,1151
"883","X13289","11-10-94",10,"November",1994,".",64.488,-65.033,1164
"884","X12080","11-17-94",17,"November",1994,"21:11",63.283,-64.05,1171
"885","X13746","11-19-94",19,"November",1994,".",67.254,-63.251,1173
"886","X13746","11-25-94",25,"November",1994,".",65.705,-59.857,1178
"887","X12080","11-27-94",27,"November",1994,"21:22",63.9,-63.917,1181
"888","X13289","11-28-94",28,"November",1994,".",64.228,-62.334,1182
"889","X13437","11-30-94",30,"November",1994,".",63.866,-62.049,1184
"890","X13437","12-01-94",1,"December",1994,".",63.526,-62.566,1185
"891","X13746","12-01-94",1,"December",1994,".",64.633,-60.452,1186
"892","X12080","12-02-94",2,"December",1994,"19:45",62.467,-62.483,1188
"893","X13289","12-04-94",4,"December",1994,".",62.686,-61.281,1190
"894","X12080","12-07-94",7,"December",1994,"21:05",61.617,-62.4,1193
"895","X13746","12-07-94",7,"December",1994,".",64.06,-58.993,1194
"896","X13289","12-10-94",10,"December",1994,".",62.585,-61.365,1196
"897","X12080","12-12-94",12,"December",1994,"16:02",62.067,-62.05,1199
"898","X13746","12-13-94",13,"December",1994,".",64.21,-60.558,1200
"899","X13289","12-16-94",16,"December",1994,".",62.074,-61.415,1202
"900","X12080","12-17-94",17,"December",1994,"18:23",61.167,-62.167,1204
"901","X13746","12-19-94",19,"December",1994,".",64.591,-58.794,1205
"902","X12080","12-22-94",22,"December",1994,"22:21",59.617,-60.8,1207
"903","X13746","12-25-94",25,"December",1994,".",64.034,-58.581,1210
"904","X11975","12-26-94",26,"December",1994,"21:32",58.733,-62.9,1212
"905","X12080","12-27-94",27,"December",1994,"20:30",58.233,-60.067,1213
"906","X13289","12-28-94",28,"December",1994,".",61.947,-61.149,1215
"907","X11975","12-31-94",31,"December",1994,"20:44",58.5,-62.817,1218
"908","X13746","12-31-94",31,"December",1994,".",64.334,-59.438,1219
"909","X13289","1-03-95",3,"January",1995,".",62.21,-61.914,1222
"910","X11975","1-05-95",5,"January",1995,"19:27",58.533,-62.75,1224
"911","X12080","1-06-95",6,"January",1995,"21:53",56.9,-61.333,1226
"912","X13746","1-06-95",6,"January",1995,".",64.327,-59.299,1227
"913","X12080","1-11-95",11,"January",1995,"21:36",56.917,-61.3,1232
"914","X13746","1-12-95",12,"January",1995,".",64.003,-58.277,1233
"915","X11975","1-15-95",15,"January",1995,"20:21",58.617,-62.767,1234
"916","X13289","1-15-95",15,"January",1995,".",61.611,-64.036,1235
"917","X12080","1-16-95",16,"January",1995,"17:13",56.883,-60.983,1237
"918","X13746","1-18-95",18,"January",1995,".",63.657,-58.708,1238
"919","X11975","1-20-95",20,"January",1995,"21:25",58.65,-62.8,1241
"920","X12080","1-21-95",21,"January",1995,"21:12",56.967,-61.1,1242
"921","X13746","1-24-95",24,"January",1995,".",63.978,-59.502,1246
"922","X11975","1-25-95",25,"January",1995,"22:03",58.567,-62.917,1247
"923","X13746","1-30-95",30,"January",1995,".",64.986,-60.107,1253
"924","X13289","2-02-95",2,"February",1995,".",61.479,-63.746,1255
"925","X11975","2-04-95",4,"February",1995,"21:25",58.733,-62.917,1257
"926","X12080","2-05-95",5,"February",1995,"22:44",57.95,-62.017,1259
"927","X13746","2-05-95",5,"February",1995,".",64.618,-57.409,1260
"928","X11975","2-09-95",9,"February",1995,"15:52",58.567,-62.8,1263
"929","X13746","2-11-95",11,"February",1995,".",63.47,-59.775,1266
"930","X13746","2-17-95",17,"February",1995,".",63.169,-59.39,1272
"931","X13746","2-23-95",23,"February",1995,".",63.283,-60.008,1277
"932","X11975","2-24-95",24,"February",1995,"20:52",58.483,-63.2,1280
"933","X13289","2-26-95",26,"February",1995,".",61.369,-64.389,1281
"934","X13437","2-27-95",27,"February",1995,".",63.393,-64.189,1284
"935","X13437","2-28-95",28,"February",1995,".",63.388,-64.112,1287
"936","X13746","3-01-95",1,"March",1995,".",64.104,-58.054,1288
"937","X12080","3-02-95",2,"March",1995,"18:48",57.917,-61.633,1290
"938","X13437","3-02-95",2,"March",1995,".",63.218,-63.607,1291
"939","X13437","3-03-95",3,"March",1995,".",63.134,-63.28,1292
"940","X13289","3-04-95",4,"March",1995,".",61.651,-63.482,1293
"941","X13437","3-04-95",4,"March",1995,".",62.901,-62.984,1294
"942","X13437","3-05-95",5,"March",1995,".",62.78,-62.852,1295
"943","X11975","3-06-95",6,"March",1995,"18:59",58.567,-62.8,1296
"944","X13437","3-06-95",6,"March",1995,".",62.581,-62.603,1297
"945","X12080","3-07-95",7,"March",1995,"17:55",57.917,-60,1298
"946","X13437","3-07-95",7,"March",1995,".",62.422,-62.052,1299
"947","X13746","3-07-95",7,"March",1995,".",63.77,-59.952,1300
"948","X13289","3-10-95",10,"March",1995,".",61.89,-63.356,1302
"949","X10374","3-11-95",11,"March",1995,"23:48",61.167,-65.417,1304
"950","X12080","3-12-95",12,"March",1995,"21:41",56.667,-59.883,1305
"951","X13746","3-13-95",13,"March",1995,".",64.138,-59.484,1306
"952","X13437","3-14-95",14,"March",1995,".",61.89,-61.65,1307
"953","X13437","3-15-95",15,"March",1995,".",61.869,-61.61,1309
"954","X10374","3-16-95",16,"March",1995,"23:39",60.867,-65.333,1311
"955","X13289","3-16-95",16,"March",1995,".",61.167,-63.361,1312
"956","X12080","3-17-95",17,"March",1995,"21:35",56.067,-59.733,1314
"957","X13437","3-18-95",18,"March",1995,".",61.482,-61.216,1316
"958","X13746","3-19-95",19,"March",1995,".",64.562,-58.114,1317
"959","X11975","3-21-95",21,"March",1995,"21:51",58.517,-63.017,1319
"960","X10374","3-21-95",21,"March",1995,"23:32",60.117,-63.767,1320
"961","X13437","3-21-95",21,"March",1995,".",60.974,-62.134,1321
"962","X12092","3-22-95",22,"March",1995,"23:09",60.35,-64.733,1322
"963","X13437","3-22-95",22,"March",1995,".",61.107,-61.085,1323
"964","X13289","3-22-95",22,"March",1995,".",61.257,-62.44,1324
"965","X13437","3-23-95",23,"March",1995,".",60.983,-61.269,1325
"966","X13746","3-25-95",25,"March",1995,".",64.988,-55.87,1327
"967","X11975","3-26-95",26,"March",1995,"21:42",58.533,-62.983,1329
"968","X12080","3-27-95",27,"March",1995,"21:17",55.283,-59.083,1331
"969","X13437","3-27-95",27,"March",1995,".",60.068,-60.849,1332
"970","X12092","3-27-95",27,"March",1995,"21:19",60.533,-64.367,1333
"971","X13289","3-28-95",28,"March",1995,".",62.117,-63.232,1334
"972","X13437","3-29-95",29,"March",1995,".",59.096,-59.759,1336
"973","X13437","3-30-95",30,"March",1995,".",59.104,-59.701,1338
"974","X11975","3-31-95",31,"March",1995,"18:39",58.633,-62.833,1340
"975","X10374","3-31-95",31,"March",1995,"19:54",58.8,-62.383,1341
"976","X13437","3-31-95",31,"March",1995,".",59.519,-59.993,1342
"977","X13746","3-31-95",31,"March",1995,".",64.27,-56.06,1343
"978","X12080","4-01-95",1,"April",1995,"18:26",55.433,-59,1344
"979","X13437","4-01-95",1,"April",1995,".",59.911,-59.9,1345
"980","X12092","4-01-95",1,"April",1995,"22:53",60.467,-63.117,1346
"981","X13437","4-03-95",3,"April",1995,".",60.159,-60.758,1347
"982","X13289","4-03-95",3,"April",1995,".",62.192,-63.863,1348
"983","X11974","4-04-95",4,"April",1995,"13:34",58.5,-62.8,1350
"984","X12086","4-05-95",5,"April",1995,"1:07",57.967,-62.183,1351
"985","X11975","4-05-95",5,"April",1995,"21:25",58.533,-62.983,1352
"986","X10374","4-05-95",5,"April",1995,"21:24",58.583,-62.667,1353
"987","X12080","4-06-95",6,"April",1995,"22:40",55.35,-58.7,1354
"988","X13437","4-06-95",6,"April",1995,".",59.743,-60.766,1355
"989","X12092","4-06-95",6,"April",1995,"22:43",60.3,-64.483,1356
"990","X13746","4-06-95",6,"April",1995,".",63.78,-57.652,1357
"991","X13437","4-07-95",7,"April",1995,".",59.662,-60.551,1358
"992","X13437","4-08-95",8,"April",1995,".",59.445,-60.309,1359
"993","X13289","4-09-95",9,"April",1995,".",62.137,-64.006,1361
"994","X13292","4-09-95",9,"April",1995,".",64.328,-63.925,1362
"995","X10374","4-10-95",10,"April",1995,"22:54",58.567,-62.633,1363
"996","X11975","4-10-95",10,"April",1995,"21:14",58.6,-62.833,1364
"997","X13437","4-11-95",11,"April",1995,".",58.57,-59.575,1365
"998","X13437","4-12-95",12,"April",1995,".",58.585,-59.676,1366
"999","X13437","4-13-95",13,"April",1995,".",58.915,-59.885,1367
"1000","X12086","4-14-95",14,"April",1995,"23:10",58.067,-62.333,1368
"1001","X11974","4-14-95",14,"April",1995,"16:04",58.2,-62.533,1369
"1002","X13437","4-14-95",14,"April",1995,".",59.123,-60.095,1370
"1003","X10374","4-15-95",15,"April",1995,"22:46",58.583,-62.583,1371
"1004","X13437","4-15-95",15,"April",1995,".",59.179,-60.492,1372
"1005","X13289","4-15-95",15,"April",1995,".",62.115,-63.831,1373
"1006","X13292","4-15-95",15,"April",1995,".",63.255,-61.932,1374
"1007","X12080","4-16-95",16,"April",1995,"17:22",54.967,-57.917,1375
"1008","X12086","4-16-95",16,"April",1995,"15:41",58.1,-62.367,1376
"1009","X13437","4-16-95",16,"April",1995,".",59.249,-61.402,1377
"1010","X12092","4-16-95",16,"April",1995,"20:45",60.75,-65.333,1378
"1011","X13437","4-17-95",17,"April",1995,".",59.429,-61.513,1379
"1012","X13746","4-18-95",18,"April",1995,".",64.985,-58.75,1380
"1013","X11974","4-19-95",19,"April",1995,"15:13",58.217,-62.55,1381
"1014","X13437","4-19-95",19,"April",1995,".",59.995,-61.576,1382
"1015","X11975","4-20-95",20,"April",1995,"20:59",58.567,-62.633,1383
"1016","X13437","4-20-95",20,"April",1995,".",60.147,-61.556,1384
"1017","X12080","4-21-95",21,"April",1995,"22:18",55.283,-58.35,1385
"1018","X12092","4-21-95",21,"April",1995,"22:18",59.9,-66.05,1387
"1019","X13437","4-21-95",21,"April",1995,".",60.334,-61.538,1388
"1020","X13289","4-21-95",21,"April",1995,".",62.377,-65.673,1389
"1021","X13437","4-22-95",22,"April",1995,".",60.34,-61.446,1390
"1022","X13437","4-23-95",23,"April",1995,".",60.304,-61.437,1391
"1023","X11974","4-24-95",24,"April",1995,"12:59",58.217,-62.5,1392
"1024","X13437","4-24-95",24,"April",1995,".",60.317,-61.783,1393
"1025","X13746","4-24-95",24,"April",1995,".",66.27,-58.09,1394
"1026","X11975","4-25-95",25,"April",1995,"17:30",58.617,-62.817,1395
"1027","X12086","4-26-95",26,"April",1995,"15:37",58.083,-62.367,1396
"1028","X13437","4-26-95",26,"April",1995,".",60.581,-62.648,1397
"1029","X13437","4-27-95",27,"April",1995,".",60.911,-62.847,1398
"1030","X13289","4-27-95",27,"April",1995,".",62.617,-64.051,1399
"1031","X13292","4-27-95",27,"April",1995,".",63.463,-63.605,1400
"1032","X11974","4-29-95",29,"April",1995,"16:47",58.25,-62.6,1401
"1033","X13437","4-29-95",29,"April",1995,".",61.769,-63.941,1402
"1034","X11975","4-30-95",30,"April",1995,"16:33",58.6,-62.6,1403
"1035","X13746","4-30-95",30,"April",1995,".",66.604,-57.662,1404
"1036","X12080","5-01-95",1,"May",1995,"18:04",56.233,-60.067,1405
"1037","X12086","5-01-95",1,"May",1995,"14:44",58.05,-62.3,1406
"1038","X12092","5-01-95",1,"May",1995,"18:06",59.567,-66.283,1407
"1039","X13437","5-01-95",1,"May",1995,".",62.185,-64.498,1408
"1040","X13289","5-03-95",3,"May",1995,".",63.229,-62.069,1409
"1041","X11974","5-04-95",4,"May",1995,"14:13",58.2,-62.533,1410
"1042","X13437","5-04-95",4,"May",1995,".",62.536,-62.85,1411
"1043","X11975","5-05-95",5,"May",1995,"20:35",58.35,-62.517,1412
"1044","X13437","5-05-95",5,"May",1995,".",63.238,-60.509,1413
"1045","X12080","5-06-95",6,"May",1995,"17:11",56.683,-59.6,1414
"1046","X12086","5-06-95",6,"May",1995,"13:40",58.067,-62.2,1415
"1047","X12092","5-06-95",6,"May",1995,"18:53",59.883,-66.3,1416
"1048","X13437","5-06-95",6,"May",1995,".",62.995,-62.202,1417
"1049","X13746","5-06-95",6,"May",1995,".",67.777,-57.424,1418
"1050","X13437","5-09-95",9,"May",1995,".",62.892,-61.806,1419
"1051","X13289","5-09-95",9,"May",1995,".",62.947,-61.341,1420
"1052","X11975","5-10-95",10,"May",1995,"22:04",58.4,-62.433,1421
"1053","X10374","5-10-95",10,"May",1995,"23:44",59.067,-62.983,1422
"1054","X12080","5-11-95",11,"May",1995,"17:57",58.133,-61.3,1423
"1055","X12086","5-11-95",11,"May",1995,"18:00",58.15,-62.383,1424
"1056","X13746","5-12-95",12,"May",1995,".",68.602,-57.584,1425
"1057","X13437","5-13-95",13,"May",1995,".",62.957,-61.851,1426
"1058","X11974","5-14-95",14,"May",1995,"12:27",58,-62.117,1427
"1059","X11975","5-15-95",15,"May",1995,"20:16",58.383,-62.5,1428
"1060","X13292","5-15-95",15,"May",1995,".",63.794,-63.179,1429
"1061","X13289","5-15-95",15,"May",1995,".",64.494,-61.672,1430
"1062","X12080","5-16-95",16,"May",1995,"21:37",61.217,-61.983,1432
"1063","X13746","5-18-95",18,"May",1995,".",69.157,-57.218,1433
"1064","X12086","5-21-95",21,"May",1995,"17:49",58.2,-62.55,1435
"1065","X12092","5-21-95",21,"May",1995,"23:09",59.683,-67.7,1436
"1066","X12080","5-21-95",21,"May",1995,"17:50",62.25,-63.683,1437
"1067","X11975","5-25-95",25,"May",1995,"21:39",58.517,-63.017,1439
"1068","X12086","5-26-95",26,"May",1995,"11:26",58.217,-62.433,1440
"1069","X12092","5-26-95",26,"May",1995,"16:57",59.433,-67.35,1441
"1070","X12080","5-26-95",26,"May",1995,"21:20",63.083,-63.833,1442
"1071","X11975","5-30-95",30,"May",1995,"17:54",58.5,-62.917,1443
"1072","X13746","5-30-95",30,"May",1995,".",69.132,-58.208,1444
"1073","X12086","5-31-95",31,"May",1995,"16:02",58.217,-62.567,1445
"1074","X12080","5-31-95",31,"May",1995,"17:45",63.85,-62.5,1446
"1075","X13289","6-02-95",2,"June",1995,".",65.453,-61.718,1447
"1076","X12080","6-05-95",5,"June",1995,"16:06",64.233,-62.15,1448
"1077","X13746","6-05-95",5,"June",1995,".",68.924,-58.588,1450
"1078","X11974","6-08-95",8,"June",1995,"16:16",57.6,-61.367,1451
"1079","X13289","6-08-95",8,"June",1995,".",64.934,-62.069,1452
"1080","X12080","6-10-95",10,"June",1995,"17:39",64.333,-63.167,1454
"1081","X11975","6-14-95",14,"June",1995,"21:05",59,-62.967,1455
"1082","X13289","6-14-95",14,"June",1995,".",64.954,-61.825,1456
"1083","X12080","6-15-95",15,"June",1995,"22:25",64.7,-62.75,1457
"1084","X13746","6-17-95",17,"June",1995,".",68.539,-60.201,1458
"1085","X12080","6-20-95",20,"June",1995,"20:36",64.933,-62.417,1459
"1086","X13289","6-20-95",20,"June",1995,".",65.266,-61.757,1460
"1087","X13746","6-23-95",23,"June",1995,".",67.466,-59.3,1462
"1088","X12080","6-25-95",25,"June",1995,"20:01",64.017,-63.05,1464
"1089","X13746","6-29-95",29,"June",1995,".",67.989,-58.91,1465
"1090","X13289","7-02-95",2,"July",1995,".",64.137,-58.706,1466
"1091","X12086","7-05-95",5,"July",1995,"13:38",58.283,-62.6,1468
"1092","X12080","7-05-95",5,"July",1995,"20:12",63.317,-62.883,1469
"1093","X13746","7-05-95",5,"July",1995,".",67.696,-61.519,1470
"1094","X13292","7-08-95",8,"July",1995,".",65.508,-62.308,1471
"1095","X13289","7-08-95",8,"July",1995,".",66.349,-57.933,1472
"1096","X12086","7-10-95",10,"July",1995,"13:28",58.3,-62.55,1473
"1097","X12080","7-10-95",10,"July",1995,"21:40",63.033,-63.1,1474
"1098","X13746","7-11-95",11,"July",1995,".",67.826,-59.764,1475
"1099","X13289","7-14-95",14,"July",1995,".",66.641,-60.365,1476
"1100","X12086","7-15-95",15,"July",1995,"17:59",58.35,-62.567,1477
"1101","X13746","7-17-95",17,"July",1995,".",67.561,-57.563,1478
"1102","X12080","7-20-95",20,"July",1995,"21:23",62.883,-62.617,1479
"1103","X12080","7-25-95",25,"July",1995,"17:55",62.633,-63.55,1480
"1104","X13292","8-01-95",1,"August",1995,".",65.091,-63.459,1481
"1105","X11975","8-03-95",3,"August",1995,"21:19",59.017,-63.267,1482
"1106","X12086","8-04-95",4,"August",1995,"14:26",58.35,-62.467,1483
"1107","X12092","8-04-95",4,"August",1995,"22:39",60.467,-64.45,1484
"1108","X11974","8-07-95",7,"August",1995,"13:20",59.083,-63.517,1485
"1109","X12086","8-09-95",9,"August",1995,"15:13",58.383,-62.533,1486
"1110","X12092","8-14-95",14,"August",1995,"17:39",60.467,-64.55,1488
"1111","X12080","8-14-95",14,"August",1995,"19:02",62.733,-63.85,1489
"1112","X13746","8-15-95",15,"August",1995,".",66.137,-62.087,1490
"1113","X12080","8-19-95",19,"August",1995,"20:32",62.917,-63.733,1493
"1114","X12086","8-24-95",24,"August",1995,"17:31",58.383,-62.533,1496
"1115","X12080","8-24-95",24,"August",1995,"20:20",62.767,-63.85,1497
"1116","X12086","9-13-95",13,"September",1995,"11:37",58.367,-62.467,1513
"1117","X12092","9-13-95",13,"September",1995,"23:07",60.333,-64.45,1514
"1118","X12086","9-18-95",18,"September",1995,"14:45",58.333,-62.6,1517
"1119","X12080","9-18-95",18,"September",1995,"16:23",62.867,-64.9,1518
"1120","X11975","9-22-95",22,"September",1995,"21:32",58.867,-62.967,1521
"1121","X12080","9-23-95",23,"September",1995,"17:07",62.883,-64.9,1523
"1122","X11975","10-07-95",7,"October",1995,"17:58",58.733,-62.917,1528
"1123","X11975","10-17-95",17,"October",1995,"16:07",58.85,-62.75,1538
"1124","X12086","10-23-95",23,"October",1995,"13:43",58.383,-62.583,1539
"1125","X12080","10-23-95",23,"October",1995,"18:25",62.917,-64.583,1540
"1126","X12092","10-28-95",28,"October",1995,"17:30",60.333,-64.433,1542
"1127","X30131","11-01-97",1,"November",1997,".",61.493,-64.771,1546
"1128","X30129","11-07-97",7,"November",1997,"16:58",60.771,-66.24,1549
"1129","X30135","11-09-97",9,"November",1997,"21:11",60.464,-68.323,1552
"1130","X30129","11-13-97",13,"November",1997,"15:54",61.406,-64.912,1553
"1131","X30140","11-15-97",15,"November",1997,"18:54",60.233,-68.436,1556
"1132","X30126","11-19-97",19,"November",1997,"14:14",61.639,-63.786,1558
"1133","X30140","11-21-97",21,"November",1997,"21:11",60.219,-68.43,1559
"1134","X30135","11-21-97",21,"November",1997,"18:28",60.471,-68.324,1560
"1135","X30131","11-25-97",25,"November",1997,"17:03",61.845,-65.196,1561
"1136","X30129","11-25-97",25,"November",1997,"18:44",61.93,-65.091,1562
"1137","X30140","11-27-97",27,"November",1997,"14:44",60.008,-68.08,1563
"1138","X30135","11-27-97",27,"November",1997,"16:44",60.457,-68.326,1564
"1139","X30126","12-01-97",1,"December",1997,"19:46",61.541,-64.554,1566
"1140","X30140","12-03-97",3,"December",1997,"19:02",59.425,-69.581,1568
"1141","X30135","12-03-97",3,"December",1997,"18:52",60.601,-67.811,1569
"1142","X30129","12-07-97",7,"December",1997,"16:33",61.38,-64.793,1570
"1143","X30126","12-07-97",7,"December",1997,"14:23",62.005,-65.672,1571
"1144","X30140","12-09-97",9,"December",1997,"17:47",59.374,-69.515,1572
"1145","X30129","12-13-97",13,"December",1997,"15:26",61.385,-64.968,1574
"1146","X30126","12-13-97",13,"December",1997,"13:47",61.531,-64.72,1575
"1147","X30135","12-15-97",15,"December",1997,"18:24",60.548,-65.235,1576
"1148","X30126","12-19-97",19,"December",1997,"19:50",60.94,-65.913,1577
"1149","X30131","12-19-97",19,"December",1997,"14:56",61.344,-66.304,1578
"1150","X30140","12-21-97",21,"December",1997,"15:40",59.291,-68.855,1580
"1151","X30135","12-21-97",21,"December",1997,"15:38",60.327,-63.823,1581
"1152","X30126","12-25-97",25,"December",1997,"14:22",60.67,-62.54,1582
"1153","X30131","12-25-97",25,"December",1997,"18:16",61.66,-66.059,1583
"1154","X30129","12-25-97",25,"December",1997,"20:55",61.992,-67.021,1584
"1155","X30140","12-27-97",27,"December",1997,"15:18",59.338,-68.315,1585
"1156","X30135","12-27-97",27,"December",1997,"16:13",60.183,-63.971,1586
"1157","X30126","12-31-97",31,"December",1997,"13:51",58.448,-60.258,1587
"1158","X30129","12-31-97",31,"December",1997,"17:08",61.617,-66.776,1588
"1159","X30140","1-02-98",2,"January",1998,"18:26",59.244,-67.619,1590
"1160","X30135","1-02-98",2,"January",1998,"18:29",59.441,-61.725,1591
"1161","X30126","1-06-98",6,"January",1998,"16:02",58.721,-60.353,1592
"1162","X30129","1-06-98",6,"January",1998,"16:03",61.249,-64.895,1593
"1163","X30131","1-06-98",6,"January",1998,"19:53",61.832,-65.774,1594
"1164","X30135","1-08-98",8,"January",1998,"17:20",58.997,-61.398,1595
"1165","X30140","1-08-98",8,"January",1998,"17:21",59.321,-67.534,1596
"1166","X30126","1-12-98",12,"January",1998,"16:34",58.584,-60.458,1597
"1167","X30131","1-12-98",12,"January",1998,"14:29",60.984,-63.43,1598
"1168","X30129","1-12-98",12,"January",1998,"18:19",61.305,-67.569,1599
"1169","X30135","1-14-98",14,"January",1998,"16:59",58.959,-63.263,1600
"1170","X30126","1-18-98",18,"January",1998,"18:53",60.269,-62.552,1601
"1171","X30131","1-18-98",18,"January",1998,"15:31",60.499,-61.234,1602
"1172","X30129","1-18-98",18,"January",1998,"18:52",60.914,-67.489,1603
"1173","X30140","1-20-98",20,"January",1998,"18:31",59.265,-67.842,1605
"1174","X30131","1-24-98",24,"January",1998,"19:57",56.969,-59.683,1606
"1175","X30126","1-24-98",24,"January",1998,"19:57",60.885,-63.377,1607
"1176","X30129","1-24-98",24,"January",1998,"16:08",61.411,-65.929,1608
"1177","X30135","1-26-98",26,"January",1998,"15:45",58.869,-63.138,1609
"1178","X30140","1-26-98",26,"January",1998,"19:04",59.243,-68.523,1610
"1179","X30131","1-30-98",30,"January",1998,"16:42",57.327,-60.741,1611
"1180","X30129","1-30-98",30,"January",1998,"16:41",61.433,-66.871,1612
"1181","X30126","1-30-98",30,"January",1998,"15:00",61.725,-63.992,1613
"1182","X30131","2-05-98",5,"February",1998,"17:13",56.877,-58.915,1615
"1183","X30126","2-05-98",5,"February",1998,"15:34",61.141,-64.816,1616
"1184","X30129","2-05-98",5,"February",1998,"18:56",61.408,-67.194,1617
"1185","X30140","2-07-98",7,"February",1998,"14:56",59.889,-68.921,1618
"1186","X30135","2-07-98",7,"February",1998,"19:50",60.601,-65.319,1619
"1187","X30131","2-11-98",11,"February",1998,"16:07",55.03,-56.054,1620
"1188","X30140","2-13-98",13,"February",1998,"14:10",59.893,-69.251,1621
"1189","X30135","2-13-98",13,"February",1998,"17:26",60.332,-62.838,1622
"1190","X30131","2-17-98",17,"February",1998,"16:41",54.348,-55.366,1623
"1191","X30126","2-17-98",17,"February",1998,"16:44",61.144,-65.292,1624
"1192","X30135","2-19-98",19,"February",1998,"19:43",60.113,-64.445,1625
"1193","X30131","2-23-98",23,"February",1998,"18:57",54.485,-55.843,1626
"1194","X30126","2-23-98",23,"February",1998,"20:41",60.43,-62.32,1627
"1195","X30129","2-23-98",23,"February",1998,"18:58",61.351,-65.764,1628
"1196","X30140","2-25-98",25,"February",1998,"15:18",59.655,-68.66,1629
"1197","X30135","2-25-98",25,"February",1998,"18:39",60.707,-67.324,1630
"1198","X30131","3-01-98",1,"March",1998,"17:52",55.063,-58.127,1631
"1199","X30126","3-01-98",1,"March",1998,"17:51",59.244,-61.558,1632
"1200","X30135","3-03-98",3,"March",1998,"17:31",61.011,-67.464,1634
"1201","X30131","3-07-98",7,"March",1998,"16:41",55.064,-58.335,1635
"1202","X30126","3-07-98",7,"March",1998,"16:46",59.001,-61.641,1636
"1203","X30129","3-07-98",7,"March",1998,"16:48",61.769,-67.259,1637
"1204","X30135","3-09-98",9,"March",1998,"13:57",61.169,-66.889,1639
"1205","X30140","3-15-98",15,"March",1998,"18:40",59.638,-68.536,1640
"1206","X30135","3-15-98",15,"March",1998,"16:58",60.984,-66.848,1641
"1207","X30131","3-19-98",19,"March",1998,"17:52",55.94,-58.925,1642
"1208","X30126","3-19-98",19,"March",1998,"17:54",59.514,-62.961,1643
"1209","X30140","3-21-98",21,"March",1998,"21:06",59.195,-68.427,1645
"1210","X30135","3-21-98",21,"March",1998,"21:04",61.38,-66.994,1646
"1211","X30131","3-25-98",25,"March",1998,"19:37",57.6,-61.552,1647
"1212","X30126","3-25-98",25,"March",1998,"15:12",60.919,-63.702,1648
"1213","X30129","3-25-98",25,"March",1998,"19:39",61.746,-66.927,1649
"1214","X30140","3-27-98",27,"March",1998,"14:50",59.121,-69.137,1650
"1215","X30135","3-27-98",27,"March",1998,"14:00",61.78,-69.391,1651
"1216","X30140","4-02-98",2,"April",1998,"17:00",59.171,-69.074,1652
"1217","X30135","4-02-98",2,"April",1998,"15:24",60.633,-66.558,1653
"1218","X30131","4-06-98",6,"April",1998,"16:15",58.88,-60.829,1654
"1219","X30126","4-06-98",6,"April",1998,"13:42",60.709,-64.18,1655
"1220","X30140","4-08-98",8,"April",1998,"19:32",59.184,-69.038,1656
"1221","X30135","4-08-98",8,"April",1998,"14:18",60.648,-67.36,1657
"1222","X30131","4-12-98",12,"April",1998,"16:50",58.68,-59.833,1658
"1223","X30126","4-12-98",12,"April",1998,"19:44",60.62,-63.795,1659
"1224","X30129","4-12-98",12,"April",1998,"19:41",61.44,-65.096,1660
"1225","X30135","4-14-98",14,"April",1998,"20:40",60.785,-64.948,1661
"1226","X30131","4-18-98",18,"April",1998,"20:48",59.032,-61.144,1662
"1227","X30126","4-18-98",18,"April",1998,"19:08",61.348,-65.649,1663
"1228","X30135","4-20-98",20,"April",1998,"18:46",59.309,-66.339,1664
"1229","X30129","4-24-98",24,"April",1998,"18:01",61.747,-63.974,1665
"1230","X30126","4-24-98",24,"April",1998,"18:01",62.336,-65.318,1666
"1231","X30140","4-26-98",26,"April",1998,"14:43",59.165,-69.209,1667
"1232","X30135","4-26-98",26,"April",1998,"17:35",60.689,-65.37,1668
"1233","X30131","4-30-98",30,"April",1998,"18:30",59.98,-66.012,1669
"1234","X30129","4-30-98",30,"April",1998,"18:33",60.875,-66.122,1670
"1235","X30126","4-30-98",30,"April",1998,"19:48",61.529,-67.527,1671
"1236","X30140","5-02-98",2,"May",1998,"20:40",59.081,-68.879,1672
"1237","X30135","5-02-98",2,"May",1998,"18:10",61.343,-61.731,1673
"1238","X30126","5-06-98",6,"May",1998,"17:26",60.554,-66.25,1674
"1239","X30129","5-06-98",6,"May",1998,"19:10",61.602,-65.474,1675
"1240","X30135","5-08-98",8,"May",1998,"18:43",61.468,-62.78,1677
"1241","X30126","5-12-98",12,"May",1998,"16:22",60.534,-64.486,1678
"1242","X30135","5-14-98",14,"May",1998,"19:17",61.259,-64.17,1679
"1243","X30126","5-18-98",18,"May",1998,"16:52",60.465,-64.045,1680
"1244","X30129","5-24-98",24,"May",1998,"17:29",60.846,-66.608,1681
"1245","X30126","5-24-98",24,"May",1998,"17:31",60.887,-64.175,1682
"1246","X30126","5-30-98",30,"May",1998,"18:49",61.314,-66.746,1683
"1247","X30129","6-05-98",5,"June",1998,"16:59",61.893,-66.381,1685
"1248","X30129","6-11-98",11,"June",1998,"17:33",61.683,-63.039,1687
"1249","X30131","6-11-98",11,"June",1998,"19:21",62.163,-62.163,1688
"1250","X30131","6-17-98",17,"June",1998,"20:30",62.426,-64.069,1690
"1251","X30131","6-23-98",23,"June",1998,"19:56",63.001,-63.627,1691
"1252","X30129","6-29-98",29,"June",1998,"17:35",61.456,-65.017,1692
"1253","X30126","6-29-98",29,"June",1998,"19:16",61.673,-65.284,1693
"1254","X30131","6-29-98",29,"June",1998,"15:54",63.208,-63.38,1694
"1255","X30126","7-05-98",5,"July",1998,"20:30",61.947,-59.814,1696
"1256","X30129","7-23-98",23,"July",1998,"18:07",61.699,-63.466,1699
"1257","X30129","7-29-98",29,"July",1998,"18:44",61.318,-64.863,1700
"1258","X30126","8-04-98",4,"August",1998,"19:18",61.349,-64.728,1701
"1259","X30126","8-10-98",10,"August",1998,"16:32",61.36,-64.356,1702
"1260","X30126","8-22-98",22,"August",1998,"19:37",61.35,-64.757,1704
"1261","X30126","8-28-98",28,"August",1998,"16:33",61.689,-64.774,1707
"1262","X30126","9-03-98",3,"September",1998,"17:06",61.613,-64.776,1708
"1263","X30126","9-09-98",9,"September",1998,"13:02",60.813,-63.965,1709
"1264","X30129","9-09-98",9,"September",1998,"16:00",61,-64.987,1710
"1265","X30131","9-21-98",21,"September",1998,"18:50",62.439,-64.276,1715
"1266","X30135","9-25-98",25,"September",1998,"23:48",60.643,-68.308,1716
"1267","X30131","10-15-98",15,"October",1998,"17:42",62.508,-64.376,1721
"1268","X30126","11-08-98",8,"November",1998,"19:57",61.528,-67.035,1723
"1269","X30131","11-08-98",8,"November",1998,"18:20",62.432,-64.34,1724
"1270","X30131","12-02-98",2,"December",1998,"17:13",62.923,-64.603,1731
"1271","X30131","12-14-98",14,"December",1998,"20:02",62.243,-64.087,1733
"1272","X30135","12-18-98",18,"December",1998,"23:41",60.452,-68.358,1734
"1273","X30135","12-19-98",19,"December",1998,"1:24",60.44,-68.371,1735
"1274","X30140","12-22-98",22,"December",1998,"14:02",59.487,-68.145,1737
"1275","X30135","12-27-98",27,"December",1998,"22:05",60.431,-66.992,1738
"1276","X30140","12-28-98",28,"December",1998,"17:23",59.722,-67.71,1739
"1277","X30135","12-28-98",28,"December",1998,"1:25",60.481,-66.838,1740
"1278","X30135","1-01-99",1,"January",1999,"23:13",60.315,-67.429,1742
"1279","X30140","1-03-99",3,"January",1999,"21:13",59.063,-68.223,1743
"1280","X30135","1-03-99",3,"January",1999,"0:52",60.284,-67.049,1744
"1281","X30135","1-07-99",7,"January",1999,"22:59",60.632,-66.037,1745
"1282","X30131","1-07-99",7,"January",1999,"18:53",60.971,-62.746,1746
"1283","X30135","1-08-99",8,"January",1999,"0:42",60.62,-65.962,1749
"1284","X30135","1-09-99",9,"January",1999,"0:18",60.82,-65.544,1750
"1285","X30135","1-12-99",12,"January",1999,"8:01",60.804,-64.141,1751
"1286","X30131","1-13-99",13,"January",1999,"17:44",58.989,-60.314,1752
"1287","X30135","1-21-99",21,"January",1999,"8:01",60.629,-65.856,1755
"1288","X30135","1-23-99",23,"January",1999,"0:13",60.406,-65.726,1756
"1289","X30135","1-24-99",24,"January",1999,"23:26",60.718,-65.347,1757
"1290","X30131","1-25-99",25,"January",1999,"17:13",57.868,-61.653,1758
"1291","X30135","1-25-99",25,"January",1999,"1:07",60.753,-65.359,1759
"1292","X30135","1-27-99",27,"January",1999,"10:49",60.645,-66.145,1762
"1293","X30135","2-02-99",2,"February",1999,"7:31",60.837,-64.902,1766
"1294","X30131","2-06-99",6,"February",1999,"16:40",58.068,-62.236,1767
"1295","X30131","2-12-99",12,"February",1999,"17:13",58.487,-62.556,1770
"1296","X30135","2-12-99",12,"February",1999,"7:13",60.643,-65.842,1771
"1297","X30135","2-16-99",16,"February",1999,"21:41",60.399,-63.393,1773
"1298","X30135","2-22-99",22,"February",1999,"21:06",60.327,-64.972,1776
"1299","X30135","2-23-99",23,"February",1999,"0:28",60.383,-66,1777
"1300","X30131","2-24-99",24,"February",1999,"20:24",58.353,-62.487,1778
"1301","X30126","2-24-99",24,"February",1999,"18:20",61.797,-63.104,1780
"1302","X30135","2-28-99",28,"February",1999,"22:13",60.536,-63.08,1781
"1303","X30131","3-02-99",2,"March",1999,"14:57",58.168,-62.387,1782
"1304","X30129","3-02-99",2,"March",1999,"17:12",61.614,-66.617,1784
"1305","X30140","3-04-99",4,"March",1999,"18:31",59.794,-69.354,1785
"1306","X30135","3-07-99",7,"March",1999,"21:20",60.863,-63.59,1786
"1307","X30131","3-08-99",8,"March",1999,"20:59",58.228,-62.348,1787
"1308","X30129","3-08-99",8,"March",1999,"14:24",61.206,-66.676,1788
"1309","X30135","3-11-99",11,"March",1999,"12:16",60.937,-64.94,1789
"1310","X30131","3-14-99",14,"March",1999,"13:52",58.851,-61.688,1790
"1311","X30129","3-14-99",14,"March",1999,"13:53",61.262,-66.969,1791
"1312","X30135","3-17-99",17,"March",1999,"7:53",61.118,-69.266,1792
"1313","X30131","3-20-99",20,"March",1999,"17:10",59.611,-61.524,1793
"1314","X30129","3-20-99",20,"March",1999,"18:56",61.054,-66.571,1794
"1315","X30135","3-23-99",23,"March",1999,"8:26",60.865,-68.521,1795
"1316","X30131","3-26-99",26,"March",1999,"19:26",59.477,-60.478,1796
"1317","X30129","3-26-99",26,"March",1999,"19:26",61.424,-67.647,1797
"1318","X30135","3-29-99",29,"March",1999,"8:56",61.425,-70.114,1799
"1319","X30131","4-01-99",1,"April",1999,"20:28",59.09,-61.133,1800
"1320","X30129","4-01-99",1,"April",1999,"13:59",60.964,-67.155,1801
"1321","X30135","4-02-99",2,"April",1999,"23:27",60.163,-67.812,1803
"1322","X30135","4-04-99",4,"April",1999,"12:50",60.121,-68.139,1804
"1323","X30131","4-07-99",7,"April",1999,"17:10",58.883,-62.968,1805
"1324","X30129","4-07-99",7,"April",1999,"20:36",61.179,-66.377,1806
"1325","X30126","4-07-99",7,"April",1999,"18:50",61.441,-65.144,1807
"1326","X30135","4-10-99",10,"April",1999,"10:01",61.523,-68.967,1808
"1327","X30131","4-13-99",13,"April",1999,"17:45",59.706,-63.497,1809
"1328","X30126","4-13-99",13,"April",1999,"19:26",61.173,-66.992,1810
"1329","X30129","4-13-99",13,"April",1999,"14:31",61.232,-67.423,1811
"1330","X30135","4-16-99",16,"April",1999,"10:36",61.065,-68.789,1812
"1331","X30131","4-19-99",19,"April",1999,"20:33",59.865,-64.108,1813
"1332","X30126","4-19-99",19,"April",1999,"14:00",60.328,-67.506,1814
"1333","X30129","4-19-99",19,"April",1999,"20:01",60.783,-66.654,1815
"1334","X30126","4-25-99",25,"April",1999,"15:07",60.463,-67.161,1816
"1335","X30129","4-25-99",25,"April",1999,"13:28",61.022,-66.402,1817
"1336","X30131","4-25-99",25,"April",1999,"15:04",61.158,-64.211,1818
"1337","X30126","5-01-99",1,"May",1999,"19:23",60.492,-65.838,1819
"1338","X30129","5-01-99",1,"May",1999,"14:34",60.569,-65.746,1820
"1339","X30131","5-01-99",1,"May",1999,"19:27",61.097,-64.672,1821
"1340","X30129","5-07-99",7,"May",1999,"18:18",60.798,-63.386,1822
"1341","X30126","5-07-99",7,"May",1999,"19:59",61.169,-66.219,1823
"1342","X30131","5-07-99",7,"May",1999,"14:01",61.423,-65.28,1824
"1343","X30129","5-13-99",13,"May",1999,"15:08",60.502,-63.481,1825
"1344","X30126","5-13-99",13,"May",1999,"13:29",60.613,-66.752,1826
"1345","X30131","5-13-99",13,"May",1999,"17:09",61.09,-62.775,1827
"1346","X30135","5-16-99",16,"May",1999,"23:54",60.106,-67.485,1828
"1347","X30129","5-19-99",19,"May",1999,"14:34",60.292,-62.442,1829
"1348","X30126","5-19-99",19,"May",1999,"17:43",60.686,-64.703,1830
"1349","X30129","5-25-99",25,"May",1999,"20:38",60.405,-62.423,1831
"1350","X30126","5-25-99",25,"May",1999,"18:14",60.669,-63.847,1832
"1351","X30129","5-31-99",31,"May",1999,"13:30",59.972,-61.263,1833
"1352","X30126","5-31-99",31,"May",1999,"17:08",60.915,-66.146,1834
"1353","X30131","5-31-99",31,"May",1999,"13:31",61.445,-65.122,1835
"1354","X30135","6-03-99",3,"June",1999,"23:55",60.89,-66.496,1836
"1355","X30126","6-06-99",6,"June",1999,"19:25",61.015,-66.833,1837
"1356","X30131","6-12-99",12,"June",1999,"16:33",60.387,-62.387,1838
"1357","X30129","6-12-99",12,"June",1999,"14:05",60.424,-62.432,1839
"1358","X30126","6-12-99",12,"June",1999,"18:14",61.021,-65.681,1840
"1359","X30135","6-15-99",15,"June",1999,"22:53",61.208,-64.693,1841
"1360","X30129","6-18-99",18,"June",1999,"18:49",59.975,-63.45,1842
"1361","X30131","6-18-99",18,"June",1999,"17:07",61.3,-63.307,1843
"1362","X30129","6-24-99",24,"June",1999,"17:39",60.001,-61.729,1845
"1363","X30131","6-24-99",24,"June",1999,"21:11",61.969,-64.664,1847
"1364","X30129","6-30-99",30,"June",1999,"19:54",60.698,-63.16,1848
"1365","X30126","6-30-99",30,"June",1999,"15:44",61.627,-64.716,1849
"1366","X30131","6-30-99",30,"June",1999,"16:33",61.777,-64.514,1850
"1367","X30129","7-06-99",6,"July",1999,"13:34",60.586,-64.613,1851
"1368","X30131","7-12-99",12,"July",1999,"19:20",61.124,-62.616,1853
"1369","X30126","7-12-99",12,"July",1999,"14:39",61.441,-64.705,1855
"1370","X30126","7-18-99",18,"July",1999,"20:38",61.761,-63.806,1857
"1371","X30131","7-18-99",18,"July",1999,"16:33",62.312,-64.618,1858
"1372","X30129","7-24-99",24,"July",1999,"18:44",61.379,-65.25,1859
"1373","X30126","7-30-99",30,"July",1999,"13:04",61.495,-65.469,1863
"1374","X30131","8-11-99",11,"August",1999,"13:37",62.33,-64.601,1870
"1375","X30129","8-17-99",17,"August",1999,"17:34",61.519,-65.204,1871
"1376","X30126","8-17-99",17,"August",1999,"17:33",61.723,-65.108,1872
"1377","X30131","8-23-99",23,"August",1999,"14:11",62.547,-63.868,1876
"1378","X30131","8-29-99",29,"August",1999,"20:21",62.354,-64.564,1879
"1379","X30135","9-02-99",2,"September",1999,"22:57",60.769,-66.914,1880
"1380","X30126","9-04-99",4,"September",1999,"17:32",61.607,-64.705,1882
"1381","X30129","9-04-99",4,"September",1999,"15:52",61.629,-64.706,1883
"1382","X30126","9-10-99",10,"September",1999,"19:48",61.632,-64.726,1886
"1383","X30135","12-06-99",6,"December",1999,"23:31",60.296,-68.021,1890
"1384","X30140","3-10-00",10,"March",2000,"18:46",59.802,-68.863,1894
"1385","X30140","3-16-00",16,"March",2000,"15:55",59.961,-68.085,1895
"1386","X30140","3-28-00",28,"March",2000,"15:02",59.158,-69.025,1896
"1387","X30140","4-21-00",21,"April",2000,"14:25",59.392,-68.87,1899
"1388","X30140","5-03-00",3,"May",2000,"14:58",59.947,-69.589,1900
"1389","X30140","2-27-01",27,"February",2001,"1",59.78,-68.146,1902
"1390","X30140","3-11-01",11,"March",2001,"16:05",59.208,-69.137,1903
