"","ROWID_2","ID","ROWID","DATE","DAY","MONTH","YEAR","TIME","SEASON","LONG","LAT","USED_AVAIL","ZONE","EASTING","NORTHING","ANGLE","DIST_KM","DIFF_DATE","KM_PER_DAY","KM_PER_HR","M_PER_HR","M_PER_S","date_char","distance","lon","lat"
"distance...1",1,"X03956",796,"1994-04-04",4,"April",1994,"20:42","winter",-62.5887411375558,58.8742345024353,"available",NA,NA,NA,NA,NA,NA,NA,NA,NA,NA,"19940404",306921.96359046,-57.3005388789981,59.3112032949558
"distance...2",2,"X03956",796,"1994-04-04",4,"April",1994,"20:42","winter",-62.5746616159909,58.8963980054001,"available",NA,NA,NA,NA,NA,NA,NA,NA,NA,NA,"19940404",305647.234408696,-57.3005388789981,59.3112032949558
"distance...3",3,"X03956",796,"1994-04-04",4,"April",1994,"20:42","winter",-62.5011956823092,58.8632073132356,"available",NA,NA,NA,NA,NA,NA,NA,NA,NA,NA,"19940404",302219.559096464,-57.3005388789981,59.3112032949558
"distance...4",4,"X03956",796,"1994-04-04",4,"April",1994,"20:42","winter",-62.4284812464728,58.9145301890523,"available",NA,NA,NA,NA,NA,NA,NA,NA,NA,NA,"19940404",296992.858155891,-57.3005388789981,59.3112032949558
"distance...5",5,"X03956",796,"1994-04-04",4,"April",1994,"20:42","winter",-62.2734657904672,58.8797587279012,"available",NA,NA,NA,NA,NA,NA,NA,NA,NA,NA,"19940404",288981.244917013,-57.3005388789981,59.3112032949558
"distance...6",6,"X03956",796,"1994-04-04",4,"April",1994,"20:42","winter",-62.267,58.15,"used",20,543145.19612,6445644.7564,-177.036564340346,75.9946244519757,5,15.1989248903951,0.633288537099797,633.288537099797,0.175913482527721,"19940404",310777.566699244,-57.1237382477894,58.8909592797079
"distance...7",7,"X03956",796,"1994-04-04",4,"April",1994,"20:42","winter",-62.1823795809409,58.5964292601574,"available",NA,NA,NA,NA,NA,NA,NA,NA,NA,NA,"19940404",291948.775175329,-57.3005388789981,59.3112032949558
"distance...8",8,"X03956",796,"1994-04-04",4,"April",1994,"20:42","winter",-62.1538172602331,58.9507787349761,"available",NA,NA,NA,NA,NA,NA,NA,NA,NA,NA,"19940404",280704.182794837,-57.3005388789981,59.3112032949558
"distance...9",9,"X03956",796,"1994-04-04",4,"April",1994,"20:42","winter",-62.0506609035087,58.5589456168257,"available",NA,NA,NA,NA,NA,NA,NA,NA,NA,NA,"19940404",285880.739379836,-57.211508376476,59.1010134977355
"distance...10",10,"X03956",796,"1994-04-04",4,"April",1994,"20:42","winter",-62.0188804949088,58.5385731766989,"available",NA,NA,NA,NA,NA,NA,NA,NA,NA,NA,"19940404",284657.756787637,-57.211508376476,59.1010134977355
"distance...11",11,"X03956",796,"1994-04-04",4,"April",1994,"20:42","winter",-62.0006237240671,58.9163306452444,"available",NA,NA,NA,NA,NA,NA,NA,NA,NA,NA,"19940404",272756.848901695,-57.3005388789981,59.3112032949558
"distance...12",12,"X03956",796,"1994-04-04",4,"April",1994,"20:42","winter",-61.9864813933786,58.5693332611487,"available",NA,NA,NA,NA,NA,NA,NA,NA,NA,NA,"19940404",281975.766888866,-57.211508376476,59.1010134977355
"distance...13",13,"X03956",796,"1994-04-04",4,"April",1994,"20:42","winter",-61.9814330160527,58.7777362279167,"available",NA,NA,NA,NA,NA,NA,NA,NA,NA,NA,"19940404",275119.474304165,-57.3005388789981,59.3112032949558
"distance...14",14,"X03956",796,"1994-04-04",4,"April",1994,"20:42","winter",-61.9414829191573,58.6972618774829,"available",NA,NA,NA,NA,NA,NA,NA,NA,NA,NA,"19940404",275272.343336727,-57.3005388789981,59.3112032949558
"distance...15",15,"X03956",796,"1994-04-04",4,"April",1994,"20:42","winter",-61.9249154811718,58.6705516355244,"available",NA,NA,NA,NA,NA,NA,NA,NA,NA,NA,"19940404",275205.929657456,-57.3005388789981,59.3112032949558
"distance...16",16,"X03956",796,"1994-04-04",4,"April",1994,"20:42","winter",-61.9056441619669,58.4418207251043,"available",NA,NA,NA,NA,NA,NA,NA,NA,NA,NA,"19940404",281267.34930312,-57.211508376476,59.1010134977355
"distance...17",17,"X03956",796,"1994-04-04",4,"April",1994,"20:42","winter",-61.8891677386415,58.5283459221623,"available",NA,NA,NA,NA,NA,NA,NA,NA,NA,NA,"19940404",277654.987296971,-57.211508376476,59.1010134977355
"distance...18",18,"X03956",796,"1994-04-04",4,"April",1994,"20:42","winter",-61.7719106374037,58.4893575124357,"available",NA,NA,NA,NA,NA,NA,NA,NA,NA,NA,"19940404",272265.791885185,-57.211508376476,59.1010134977355
"distance...19",19,"X03956",796,"1994-04-04",4,"April",1994,"20:42","winter",-61.6987726521834,58.7244232792941,"available",NA,NA,NA,NA,NA,NA,NA,NA,NA,NA,"19940404",260923.300338522,-57.3005388789981,59.3112032949558
"distance...20",20,"X03956",796,"1994-04-04",4,"April",1994,"20:42","winter",-61.6945637404743,58.6803814217785,"available",NA,NA,NA,NA,NA,NA,NA,NA,NA,NA,"19940404",262116.310352444,-57.3005388789981,59.3112032949558
"distance...21",21,"X03956",796,"1994-04-04",4,"April",1994,"20:42","winter",-61.6941433834209,58.8457363935138,"available",NA,NA,NA,NA,NA,NA,NA,NA,NA,NA,"19940404",257178.281203419,-57.3005388789981,59.3112032949558
"distance...22",22,"X03956",796,"1994-04-04",4,"April",1994,"20:42","winter",-61.6400516401056,58.148535223978,"available",NA,NA,NA,NA,NA,NA,NA,NA,NA,NA,"19940404",275426.324273568,-57.0372023203657,58.681043405113
"distance...23",23,"X03956",796,"1994-04-04",4,"April",1994,"20:42","winter",-61.4872287679426,58.6117476409839,"available",NA,NA,NA,NA,NA,NA,NA,NA,NA,NA,"19940404",252669.893585029,-57.211508376476,59.1010134977355
"distance...24",24,"X03956",796,"1994-04-04",4,"April",1994,"20:42","winter",-61.4494736798421,58.607312827516,"available",NA,NA,NA,NA,NA,NA,NA,NA,NA,NA,"19940404",250666.802798438,-57.211508376476,59.1010134977355
"distance...25",25,"X03956",796,"1994-04-04",4,"April",1994,"20:42","winter",-61.4305760923063,58.0972339620118,"available",NA,NA,NA,NA,NA,NA,NA,NA,NA,NA,"19940404",265014.555159377,-57.0372023203657,58.681043405113
"distance...26",26,"X03956",796,"1994-04-04",4,"April",1994,"20:42","winter",-61.3510558066097,58.7853341957447,"available",NA,NA,NA,NA,NA,NA,NA,NA,NA,NA,"19940404",239703.676495395,-57.3005388789981,59.3112032949558
"distance...27",27,"X03956",796,"1994-04-04",4,"April",1994,"20:42","winter",-61.3406611808448,57.7259062157497,"available",NA,NA,NA,NA,NA,NA,NA,NA,NA,NA,"19940404",271133.450704492,-56.8677318975661,58.2616374867023
"distance...28",28,"X03956",796,"1994-04-04",4,"April",1994,"20:42","winter",-61.3263048495135,57.793162181418,"available",NA,NA,NA,NA,NA,NA,NA,NA,NA,NA,"19940404",268501.582898844,-56.9518751300248,58.4712685866026
"distance...29",29,"X03956",796,"1994-04-04",4,"April",1994,"20:42","winter",-61.2993088793728,58.3642701539105,"available",NA,NA,NA,NA,NA,NA,NA,NA,NA,NA,"19940404",249526.21405432,-57.1237382477894,58.8909592797079
"distance...30",30,"X03956",796,"1994-04-04",4,"April",1994,"20:42","winter",-61.2964048163212,57.6877243848533,"available",NA,NA,NA,NA,NA,NA,NA,NA,NA,NA,"19940404",269693.043155604,-56.8677318975661,58.2616374867023
"distance...31",31,"X03956",796,"1994-04-04",4,"April",1994,"20:42","winter",-61.2785716230282,58.3085125087562,"available",NA,NA,NA,NA,NA,NA,NA,NA,NA,NA,"19940404",250079.947079837,-57.1237382477894,58.8909592797079
"distance...32",32,"X03956",796,"1994-04-04",4,"April",1994,"20:42","winter",-61.2446368803736,58.6906455787991,"available",NA,NA,NA,NA,NA,NA,NA,NA,NA,NA,"19940404",236917.071961608,-57.211508376476,59.1010134977355
"distance...33",33,"X03956",796,"1994-04-04",4,"April",1994,"20:42","winter",-61.22468742182,58.0081221748543,"available",NA,NA,NA,NA,NA,NA,NA,NA,NA,NA,"19940404",256172.681113903,-56.9518751300248,58.4712685866026
"distance...34",34,"X03956",796,"1994-04-04",4,"April",1994,"20:42","winter",-61.2179948128854,58.104852626666,"available",NA,NA,NA,NA,NA,NA,NA,NA,NA,NA,"19940404",252743.710972436,-57.0372023203657,58.681043405113
"distance...35",35,"X03956",796,"1994-04-04",4,"April",1994,"20:42","winter",-61.2127108181211,58.0614875447548,"available",NA,NA,NA,NA,NA,NA,NA,NA,NA,NA,"19940404",253858.753948419,-57.0372023203657,58.681043405113
"distance...36",36,"X03956",796,"1994-04-04",4,"April",1994,"20:42","winter",-61.1887270047059,57.8851964206417,"available",NA,NA,NA,NA,NA,NA,NA,NA,NA,NA,"19940404",257646.919739428,-56.9518751300248,58.4712685866026
"distance...37",37,"X03956",796,"1994-04-04",4,"April",1994,"20:42","winter",-61.1275261447602,58.1470321976046,"available",NA,NA,NA,NA,NA,NA,NA,NA,NA,NA,"19940404",246319.265329615,-57.0372023203657,58.681043405113
"distance...38",38,"X03956",796,"1994-04-04",4,"April",1994,"20:42","winter",-61.0659300979518,58.0709592472702,"available",NA,NA,NA,NA,NA,NA,NA,NA,NA,NA,"19940404",245283.588005027,-57.0372023203657,58.681043405113
"distance...39",39,"X03956",796,"1994-04-04",4,"April",1994,"20:42","winter",-61.0508094602073,58.5652608763192,"available",NA,NA,NA,NA,NA,NA,NA,NA,NA,NA,"19940404",229585.94163904,-57.211508376476,59.1010134977355
"distance...40",40,"X03956",796,"1994-04-04",4,"April",1994,"20:42","winter",-61.0449625644195,58.5296019821587,"available",NA,NA,NA,NA,NA,NA,NA,NA,NA,NA,"19940404",230434.185412645,-57.211508376476,59.1010134977355
"distance...41",41,"X03956",796,"1994-04-04",4,"April",1994,"20:42","winter",-61.0449394456496,58.4368465350535,"available",NA,NA,NA,NA,NA,NA,NA,NA,NA,NA,"19940404",233081.731560883,-57.1237382477894,58.8909592797079
"distance...42",42,"X03956",796,"1994-04-04",4,"April",1994,"20:42","winter",-61.0029787305143,57.7034166156957,"available",NA,NA,NA,NA,NA,NA,NA,NA,NA,NA,"19940404",252379.467834448,-56.8677318975661,58.2616374867023
"distance...43",43,"X03956",796,"1994-04-04",4,"April",1994,"20:42","winter",-61.0026567169985,57.8726280828117,"available",NA,NA,NA,NA,NA,NA,NA,NA,NA,NA,"19940404",247490.569233923,-56.9518751300248,58.4712685866026
"distance...44",44,"X03956",796,"1994-04-04",4,"April",1994,"20:42","winter",-60.9844503147033,58.4441747676286,"available",NA,NA,NA,NA,NA,NA,NA,NA,NA,NA,"19940404",229456.561930379,-57.1237382477894,58.8909592797079
"distance...45",45,"X03956",796,"1994-04-04",4,"April",1994,"20:42","winter",-60.9813549653122,57.9520357399857,"available",NA,NA,NA,NA,NA,NA,NA,NA,NA,NA,"19940404",243783.844818618,-56.9518751300248,58.4712685866026
"distance...46",46,"X03956",796,"1994-04-04",4,"April",1994,"20:42","winter",-60.9733265290948,58.3143207266012,"available",NA,NA,NA,NA,NA,NA,NA,NA,NA,NA,"19940404",232797.100419377,-57.1237382477894,58.8909592797079
"distance...47",47,"X03956",796,"1994-04-04",4,"April",1994,"20:42","winter",-60.9334075151734,57.7912206778264,"available",NA,NA,NA,NA,NA,NA,NA,NA,NA,NA,"19940404",245843.710050274,-56.8677318975661,58.2616374867023
"distance...48",48,"X03956",796,"1994-04-04",4,"April",1994,"20:42","winter",-60.9187604873922,58.5947431824508,"available",NA,NA,NA,NA,NA,NA,NA,NA,NA,NA,"19940404",221287.410144617,-57.211508376476,59.1010134977355
"distance...49",49,"X03956",796,"1994-04-04",4,"April",1994,"20:42","winter",-60.8816733217056,58.2604340030362,"available",NA,NA,NA,NA,NA,NA,NA,NA,NA,NA,"19940404",229148.738643575,-57.0372023203657,58.681043405113
"distance...50",50,"X03956",796,"1994-04-04",4,"April",1994,"20:42","winter",-60.8810712160577,58.3032126820077,"available",NA,NA,NA,NA,NA,NA,NA,NA,NA,NA,"19940404",228034.030163123,-57.1237382477894,58.8909592797079
"distance...51",51,"X03956",796,"1994-04-04",4,"April",1994,"20:42","winter",-60.7469465474499,58.4017383517997,"available",NA,NA,NA,NA,NA,NA,NA,NA,NA,NA,"19940404",217289.163934345,-57.1237382477894,58.8909592797079
"distance...52",23410,"X11974",794,"1994-04-04",4,"April",1994,"10:47","winter",-62.3231574204018,58.8667790628187,"available",NA,NA,NA,NA,NA,NA,NA,NA,NA,NA,"19940404",292082.898272216,-57.3005388789981,59.3112032949558
"distance...53",23411,"X11974",794,"1994-04-04",4,"April",1994,"10:47","winter",-62.304602173396,58.6551458206776,"available",NA,NA,NA,NA,NA,NA,NA,NA,NA,NA,"19940404",296806.452465052,-57.3005388789981,59.3112032949558
"distance...54",23412,"X11974",794,"1994-04-04",4,"April",1994,"10:47","winter",-62.183,58.1,"used",20,548156.79881,6440135.0522,35.2930978673014,6.80948686434958,5,1.36189737286992,0.0567457238695798,56.7457238695798,0.0157627010748833,"19940404",307762.75374216,-57.0372023203657,58.681043405113
"distance...55",23413,"X11974",794,"1994-04-04",4,"April",1994,"10:47","winter",-62.1557029013838,58.8006926900395,"available",NA,NA,NA,NA,NA,NA,NA,NA,NA,NA,"19940404",284275.581099209,-57.3005388789981,59.3112032949558
"distance...56",23414,"X11974",794,"1994-04-04",4,"April",1994,"10:47","winter",-62.1170626783598,58.5607991293623,"available",NA,NA,NA,NA,NA,NA,NA,NA,NA,NA,"19940404",289577.690467838,-57.211508376476,59.1010134977355
"distance...57",23415,"X11974",794,"1994-04-04",4,"April",1994,"10:47","winter",-62.1108206659391,58.7694066088841,"available",NA,NA,NA,NA,NA,NA,NA,NA,NA,NA,"19940404",282599.949674937,-57.3005388789981,59.3112032949558
"distance...58",23416,"X11974",794,"1994-04-04",4,"April",1994,"10:47","winter",-62.0763595862123,58.5380603262282,"available",NA,NA,NA,NA,NA,NA,NA,NA,NA,NA,"19940404",287910.336378431,-57.211508376476,59.1010134977355
"distance...59",23417,"X11974",794,"1994-04-04",4,"April",1994,"10:47","winter",-61.9520318358405,58.6627350831244,"available",NA,NA,NA,NA,NA,NA,NA,NA,NA,NA,"19940404",276965.619197566,-57.3005388789981,59.3112032949558
"distance...60",23418,"X11974",794,"1994-04-04",4,"April",1994,"10:47","winter",-61.9401573537411,58.4167472146698,"available",NA,NA,NA,NA,NA,NA,NA,NA,NA,NA,"19940404",284024.931815931,-57.211508376476,59.1010134977355
"distance...61",23419,"X11974",794,"1994-04-04",4,"April",1994,"10:47","winter",-61.8955342307363,58.348148368581,"available",NA,NA,NA,NA,NA,NA,NA,NA,NA,NA,"19940404",283729.036891319,-57.1237382477894,58.8909592797079
"distance...62",23420,"X11974",794,"1994-04-04",4,"April",1994,"10:47","winter",-61.7362451469812,58.7995893948756,"available",NA,NA,NA,NA,NA,NA,NA,NA,NA,NA,"19940404",260782.960208371,-57.3005388789981,59.3112032949558
"distance...63",23421,"X11974",794,"1994-04-04",4,"April",1994,"10:47","winter",-61.7032245855422,58.3497996432879,"available",NA,NA,NA,NA,NA,NA,NA,NA,NA,NA,"19940404",272781.591533912,-57.1237382477894,58.8909592797079
"distance...64",23422,"X11974",794,"1994-04-04",4,"April",1994,"10:47","winter",-61.6749016216572,58.3952340834497,"available",NA,NA,NA,NA,NA,NA,NA,NA,NA,NA,"19940404",269931.315628474,-57.1237382477894,58.8909592797079
"distance...65",23423,"X11974",794,"1994-04-04",4,"April",1994,"10:47","winter",-61.5458089426696,58.15621218111,"available",NA,NA,NA,NA,NA,NA,NA,NA,NA,NA,"19940404",269838.920309789,-57.0372023203657,58.681043405113
"distance...66",23424,"X11974",794,"1994-04-04",4,"April",1994,"10:47","winter",-61.5397993983393,58.3056547270176,"available",NA,NA,NA,NA,NA,NA,NA,NA,NA,NA,"19940404",264857.43887283,-57.1237382477894,58.8909592797079
"distance...67",23425,"X11974",794,"1994-04-04",4,"April",1994,"10:47","winter",-61.5007784363237,58.1368530094543,"available",NA,NA,NA,NA,NA,NA,NA,NA,NA,NA,"19940404",267820.878489715,-57.0372023203657,58.681043405113
"distance...68",23426,"X11974",794,"1994-04-04",4,"April",1994,"10:47","winter",-61.4837370409476,58.6564262676279,"available",NA,NA,NA,NA,NA,NA,NA,NA,NA,NA,"19940404",251291.350267,-57.211508376476,59.1010134977355
"distance...69",23427,"X11974",794,"1994-04-04",4,"April",1994,"10:47","winter",-61.4657411362694,58.3358964831295,"available",NA,NA,NA,NA,NA,NA,NA,NA,NA,NA,"19940404",259761.678561295,-57.1237382477894,58.8909592797079
"distance...70",23428,"X11974",794,"1994-04-04",4,"April",1994,"10:47","winter",-61.4579763616417,58.3264036479405,"available",NA,NA,NA,NA,NA,NA,NA,NA,NA,NA,"19940404",259610.586659561,-57.1237382477894,58.8909592797079
"distance...71",23429,"X11974",794,"1994-04-04",4,"April",1994,"10:47","winter",-61.4109074549978,58.7069437730889,"available",NA,NA,NA,NA,NA,NA,NA,NA,NA,NA,"19940404",245541.510171683,-57.3005388789981,59.3112032949558
"distance...72",23430,"X11974",794,"1994-04-04",4,"April",1994,"10:47","winter",-61.4057145489366,58.4311056026856,"available",NA,NA,NA,NA,NA,NA,NA,NA,NA,NA,"19940404",253698.923305263,-57.1237382477894,58.8909592797079
"distance...73",23431,"X11974",794,"1994-04-04",4,"April",1994,"10:47","winter",-61.4003900134729,58.1006352255145,"available",NA,NA,NA,NA,NA,NA,NA,NA,NA,NA,"19940404",263199.176234706,-57.0372023203657,58.681043405113
"distance...74",23432,"X11974",794,"1994-04-04",4,"April",1994,"10:47","winter",-61.3928154179056,58.3946121491073,"available",NA,NA,NA,NA,NA,NA,NA,NA,NA,NA,"19940404",253945.670634935,-57.1237382477894,58.8909592797079
"distance...75",23433,"X11974",794,"1994-04-04",4,"April",1994,"10:47","winter",-61.3881166487695,57.9730786255871,"available",NA,NA,NA,NA,NA,NA,NA,NA,NA,NA,"19940404",266487.64355097,-56.9518751300248,58.4712685866026
"distance...76",23434,"X11974",794,"1994-04-04",4,"April",1994,"10:47","winter",-61.3876774356292,58.7061730551685,"available",NA,NA,NA,NA,NA,NA,NA,NA,NA,NA,"19940404",244284.947201763,-57.3005388789981,59.3112032949558
"distance...77",23435,"X11974",794,"1994-04-04",4,"April",1994,"10:47","winter",-61.3338620832998,58.6418891659226,"available",NA,NA,NA,NA,NA,NA,NA,NA,NA,NA,"19940404",243210.646782257,-57.211508376476,59.1010134977355
"distance...78",23436,"X11974",794,"1994-04-04",4,"April",1994,"10:47","winter",-61.2839977814447,57.7903659431107,"available",NA,NA,NA,NA,NA,NA,NA,NA,NA,NA,"19940404",266131.807977683,-56.8677318975661,58.2616374867023
"distance...79",23437,"X11974",794,"1994-04-04",4,"April",1994,"10:47","winter",-61.266150165714,57.500523095003,"available",NA,NA,NA,NA,NA,NA,NA,NA,NA,NA,"19940404",274316.598473008,-56.8677318975661,58.2616374867023
"distance...80",23438,"X11974",794,"1994-04-04",4,"April",1994,"10:47","winter",-61.2101023711773,57.7661051714358,"available",NA,NA,NA,NA,NA,NA,NA,NA,NA,NA,"19940404",262494.107208384,-56.8677318975661,58.2616374867023
"distance...81",23439,"X11974",794,"1994-04-04",4,"April",1994,"10:47","winter",-61.1692385329406,58.3736806807882,"available",NA,NA,NA,NA,NA,NA,NA,NA,NA,NA,"19940404",241909.637727497,-57.1237382477894,58.8909592797079
"distance...82",23440,"X11974",794,"1994-04-04",4,"April",1994,"10:47","winter",-61.1588813493062,58.7399118491633,"available",NA,NA,NA,NA,NA,NA,NA,NA,NA,NA,"19940404",230514.38695414,-57.3005388789981,59.3112032949558
"distance...83",23441,"X11974",794,"1994-04-04",4,"April",1994,"10:47","winter",-61.1308836013024,58.6288515433087,"available",NA,NA,NA,NA,NA,NA,NA,NA,NA,NA,"19940404",232147.147408224,-57.211508376476,59.1010134977355
"distance...84",23442,"X11974",794,"1994-04-04",4,"April",1994,"10:47","winter",-61.1282869124832,58.0894889635269,"available",NA,NA,NA,NA,NA,NA,NA,NA,NA,NA,"19940404",248174.005119003,-57.0372023203657,58.681043405113
"distance...85",23443,"X11974",794,"1994-04-04",4,"April",1994,"10:47","winter",-61.1259784917325,58.2219098387333,"available",NA,NA,NA,NA,NA,NA,NA,NA,NA,NA,"19940404",244104.991725007,-57.0372023203657,58.681043405113
"distance...86",23444,"X11974",794,"1994-04-04",4,"April",1994,"10:47","winter",-61.1076889212552,57.6162275102195,"available",NA,NA,NA,NA,NA,NA,NA,NA,NA,NA,"19940404",261181.658120044,-56.8677318975661,58.2616374867023
"distance...87",23445,"X11974",794,"1994-04-04",4,"April",1994,"10:47","winter",-61.0948635823211,58.3792153320231,"available",NA,NA,NA,NA,NA,NA,NA,NA,NA,NA,"19940404",237551.760728004,-57.1237382477894,58.8909592797079
"distance...88",23446,"X11974",794,"1994-04-04",4,"April",1994,"10:47","winter",-61.0873118827056,57.9537112303934,"available",NA,NA,NA,NA,NA,NA,NA,NA,NA,NA,"19940404",249787.31715704,-56.9518751300248,58.4712685866026
"distance...89",23447,"X11974",794,"1994-04-04",4,"April",1994,"10:47","winter",-61.0496031196389,57.8262780171572,"available",NA,NA,NA,NA,NA,NA,NA,NA,NA,NA,"19940404",251654.01748371,-56.8677318975661,58.2616374867023
"distance...90",23448,"X11974",794,"1994-04-04",4,"April",1994,"10:47","winter",-61.0351731839438,58.65261172784,"available",NA,NA,NA,NA,NA,NA,NA,NA,NA,NA,"19940404",226101.720704105,-57.211508376476,59.1010134977355
"distance...91",23449,"X11974",794,"1994-04-04",4,"April",1994,"10:47","winter",-61.0152397081574,57.7520270406759,"available",NA,NA,NA,NA,NA,NA,NA,NA,NA,NA,"19940404",251646.373712647,-56.8677318975661,58.2616374867023
"distance...92",23450,"X11974",794,"1994-04-04",4,"April",1994,"10:47","winter",-60.9956399447151,57.9966255728909,"available",NA,NA,NA,NA,NA,NA,NA,NA,NA,NA,"19940404",243328.603052072,-56.9518751300248,58.4712685866026
"distance...93",23451,"X11974",794,"1994-04-04",4,"April",1994,"10:47","winter",-60.9940563827669,58.6489669672178,"available",NA,NA,NA,NA,NA,NA,NA,NA,NA,NA,"19940404",223892.341043035,-57.211508376476,59.1010134977355
"distance...94",23452,"X11974",794,"1994-04-04",4,"April",1994,"10:47","winter",-60.9786715331536,58.3864992779359,"available",NA,NA,NA,NA,NA,NA,NA,NA,NA,NA,"19940404",230787.618182127,-57.1237382477894,58.8909592797079
"distance...95",23453,"X11974",794,"1994-04-04",4,"April",1994,"10:47","winter",-60.9724125325559,57.7714540562186,"available",NA,NA,NA,NA,NA,NA,NA,NA,NA,NA,"19940404",248633.939674342,-56.8677318975661,58.2616374867023
"distance...96",23454,"X11974",794,"1994-04-04",4,"April",1994,"10:47","winter",-60.9596396398454,58.2943216233654,"available",NA,NA,NA,NA,NA,NA,NA,NA,NA,NA,"19940404",232719.626091438,-57.1237382477894,58.8909592797079
"distance...97",23455,"X11974",794,"1994-04-04",4,"April",1994,"10:47","winter",-60.9545340420531,58.0047049433011,"available",NA,NA,NA,NA,NA,NA,NA,NA,NA,NA,"19940404",240751.413622841,-56.9518751300248,58.4712685866026
"distance...98",23456,"X11974",794,"1994-04-04",4,"April",1994,"10:47","winter",-60.9535914038641,57.8289170109307,"available",NA,NA,NA,NA,NA,NA,NA,NA,NA,NA,"19940404",246028.532507281,-56.8677318975661,58.2616374867023
"distance...99",23457,"X11974",794,"1994-04-04",4,"April",1994,"10:47","winter",-60.9502851024805,57.7660050382179,"available",NA,NA,NA,NA,NA,NA,NA,NA,NA,NA,"19940404",247511.183020426,-56.8677318975661,58.2616374867023
"distance...100",23458,"X11974",794,"1994-04-04",4,"April",1994,"10:47","winter",-60.9285376510795,58.5814998688019,"available",NA,NA,NA,NA,NA,NA,NA,NA,NA,NA,"19940404",222251.817586786,-57.211508376476,59.1010134977355
"distance...101",23459,"X11974",794,"1994-04-04",4,"April",1994,"10:47","winter",-60.7674508290674,58.1574284047849,"available",NA,NA,NA,NA,NA,NA,NA,NA,NA,NA,"19940404",225629.747223942,-57.0372023203657,58.681043405113
"distance...102",23460,"X11974",794,"1994-04-04",4,"April",1994,"10:47","winter",-60.65776145009,58.0635835482517,"available",NA,NA,NA,NA,NA,NA,NA,NA,NA,NA,"19940404",222162.183123265,-56.9518751300248,58.4712685866026
"distance...103",32641,"X12082",791,"1994-04-04",4,"April",1994,"21:50","winter",-55.7,52.6,"used",21,588045.65502,5828568.8907,-179.085414127001,283.389955450297,5,56.6779910900594,2.36158296208581,2361.58296208581,0.655995267246058,"19940404",256575.101466559,-53.6637314829503,50.6727399233401
"distance...104",32642,"X12082",791,"1994-04-04",4,"April",1994,"21:50","winter",-55.4315263796452,52.8141008481776,"available",NA,NA,NA,NA,NA,NA,NA,NA,NA,NA,"19940404",266239.838466217,-53.3246289771819,50.8084350306117
"distance...105",32643,"X12082",791,"1994-04-04",4,"April",1994,"21:50","winter",-55.4299755871177,53.0100060064767,"available",NA,NA,NA,NA,NA,NA,NA,NA,NA,NA,"19940404",262194.556624527,-52.2142620392068,54.3920973095369
"distance...106",32644,"X12082",791,"1994-04-04",4,"April",1994,"21:50","winter",-55.3507755554309,53.1337059955802,"available",NA,NA,NA,NA,NA,NA,NA,NA,NA,NA,"19940404",249767.485889587,-52.2142620392068,54.3920973095369
"distance...107",32645,"X12082",791,"1994-04-04",4,"April",1994,"21:50","winter",-55.3234786775141,53.1213158235428,"available",NA,NA,NA,NA,NA,NA,NA,NA,NA,NA,"19940404",249084.456574772,-52.2142620392068,54.3920973095369
"distance...108",32646,"X12082",791,"1994-04-04",4,"April",1994,"21:50","winter",-55.317511981604,53.0315569074818,"available",NA,NA,NA,NA,NA,NA,NA,NA,NA,NA,"19940404",254745.069289472,-52.2142620392068,54.3920973095369
"distance...109",32647,"X12082",791,"1994-04-04",4,"April",1994,"21:50","winter",-55.3103963122514,53.0497852361763,"available",NA,NA,NA,NA,NA,NA,NA,NA,NA,NA,"19940404",253130.168636467,-52.2142620392068,54.3920973095369
"distance...110",32648,"X12082",791,"1994-04-04",4,"April",1994,"21:50","winter",-55.3055645426571,52.3501392508821,"available",NA,NA,NA,NA,NA,NA,NA,NA,NA,NA,"19940404",218574.194008278,-53.5825168603295,50.7054003852494
"distance...111",32649,"X12082",791,"1994-04-04",4,"April",1994,"21:50","winter",-55.2748748402693,52.7203529018926,"available",NA,NA,NA,NA,NA,NA,NA,NA,NA,NA,"19940404",251699.559543484,-53.2884623539218,50.8228029979612
"distance...112",32650,"X12082",791,"1994-04-04",4,"April",1994,"21:50","winter",-55.2529773037994,52.9124063946331,"available",NA,NA,NA,NA,NA,NA,NA,NA,NA,NA,"19940404",259752.186769386,-52.2142620392068,54.3920973095369
"distance...113",32651,"X12082",791,"1994-04-04",4,"April",1994,"21:50","winter",-55.2410090237523,53.3216988914269,"available",NA,NA,NA,NA,NA,NA,NA,NA,NA,NA,"19940404",230810.79567621,-53.078344663164,54.961348723475
"distance...114",32652,"X12082",791,"1994-04-04",4,"April",1994,"21:50","winter",-55.2213763044654,53.0119144529044,"available",NA,NA,NA,NA,NA,NA,NA,NA,NA,NA,"19940404",251038.774187033,-52.2142620392068,54.3920973095369
"distance...115",32653,"X12082",791,"1994-04-04",4,"April",1994,"21:50","winter",-55.1932394546785,52.372272921367,"available",NA,NA,NA,NA,NA,NA,NA,NA,NA,NA,"19940404",216389.475335661,-53.4900247837351,50.7424718671996
"distance...116",32654,"X12082",791,"1994-04-04",4,"April",1994,"21:50","winter",-55.1812350721848,52.3106873481687,"available",NA,NA,NA,NA,NA,NA,NA,NA,NA,NA,"19940404",210229.350712668,-53.5271857851224,50.7275933481864
"distance...117",32655,"X12082",791,"1994-04-04",4,"April",1994,"21:50","winter",-55.180321640996,52.3334794122995,"available",NA,NA,NA,NA,NA,NA,NA,NA,NA,NA,"19940404",212307.485171597,-53.5097990053829,50.7345573182714
"distance...118",32656,"X12082",791,"1994-04-04",4,"April",1994,"21:50","winter",-55.1780437627025,52.6069394914169,"available",NA,NA,NA,NA,NA,NA,NA,NA,NA,NA,"19940404",237567.982693119,-53.3067481036651,50.8155410989213
"distance...119",32657,"X12082",791,"1994-04-04",4,"April",1994,"21:50","winter",-55.1715001707643,52.3092194850281,"available",NA,NA,NA,NA,NA,NA,NA,NA,NA,NA,"19940404",209726.386941014,-53.5216487981903,50.7298115976722
"distance...120",32658,"X12082",791,"1994-04-04",4,"April",1994,"21:50","winter",-55.1458499613125,53.2933851661982,"available",NA,NA,NA,NA,NA,NA,NA,NA,NA,NA,"19940404",228423.288073225,-52.2142620392068,54.3920973095369
"distance...121",32659,"X12082",791,"1994-04-04",4,"April",1994,"21:50","winter",-55.1190539533018,52.4296017393137,"available",NA,NA,NA,NA,NA,NA,NA,NA,NA,NA,"19940404",218915.018407107,-53.397426454558,50.7794537825414
"distance...122",32660,"X12082",791,"1994-04-04",4,"April",1994,"21:50","winter",-55.0996971657785,52.3466551536116,"available",NA,NA,NA,NA,NA,NA,NA,NA,NA,NA,"19940404",210494.728868861,-53.4452855419371,50.7603563106148
"distance...123",32661,"X12082",791,"1994-04-04",4,"April",1994,"21:50","winter",-55.0784790460697,53.0444513088983,"available",NA,NA,NA,NA,NA,NA,NA,NA,NA,NA,"19940404",241323.03803937,-52.2142620392068,54.3920973095369
"distance...124",32662,"X12082",791,"1994-04-04",4,"April",1994,"21:50","winter",-55.049505095672,52.2125009271709,"available",NA,NA,NA,NA,NA,NA,NA,NA,NA,NA,"19940404",196159.176658334,-53.5096330994605,50.7346237465116
"distance...125",32663,"X12082",791,"1994-04-04",4,"April",1994,"21:50","winter",-55.0389873126106,52.2829384571253,"available",NA,NA,NA,NA,NA,NA,NA,NA,NA,NA,"19940404",202300.119210632,-53.4507539597752,50.7581719734463
"distance...126",32664,"X12082",791,"1994-04-04",4,"April",1994,"21:50","winter",-55.00140521005,52.5766136374077,"available",NA,NA,NA,NA,NA,NA,NA,NA,NA,NA,"19940404",228150.759324306,-53.2091764062034,50.8542309087049
"distance...127",32665,"X12082",791,"1994-04-04",4,"April",1994,"21:50","winter",-54.9899014806276,52.7191066590921,"available",NA,NA,NA,NA,NA,NA,NA,NA,NA,NA,"19940404",240950.442255593,-53.0963140258605,50.8988022942124
"distance...128",32666,"X12082",791,"1994-04-04",4,"April",1994,"21:50","winter",-54.9422682319032,52.6570129308615,"available",NA,NA,NA,NA,NA,NA,NA,NA,NA,NA,"19940404",233411.83745894,-53.1097063855672,50.893523576127
"distance...129",32667,"X12082",791,"1994-04-04",4,"April",1994,"21:50","winter",-54.9350702215991,52.2034688321642,"available",NA,NA,NA,NA,NA,NA,NA,NA,NA,NA,"19940404",191014.034834202,-53.438108984581,50.7632222583493
"distance...130",32668,"X12082",791,"1994-04-04",4,"April",1994,"21:50","winter",-54.9285519571905,53.2550700799537,"available",NA,NA,NA,NA,NA,NA,NA,NA,NA,NA,"19940404",218984.1014096,-52.2142620392068,54.3920973095369
"distance...131",32669,"X12082",791,"1994-04-04",4,"April",1994,"21:50","winter",-54.9281880403922,52.3242101768848,"available",NA,NA,NA,NA,NA,NA,NA,NA,NA,NA,"19940404",201972.124245144,-53.3448465900814,50.8003944042793
"distance...132",32670,"X12082",791,"1994-04-04",4,"April",1994,"21:50","winter",-54.9196993029476,52.727646059777,"available",NA,NA,NA,NA,NA,NA,NA,NA,NA,NA,"19940404",239133.644328344,-53.0422848830145,50.9200706100218
"distance...133",32671,"X12082",791,"1994-04-04",4,"April",1994,"21:50","winter",-54.8954644962337,52.1579061334377,"available",NA,NA,NA,NA,NA,NA,NA,NA,NA,NA,"19940404",185291.699768838,-53.4443950371364,50.7607119755128
"distance...134",32672,"X12082",791,"1994-04-04",4,"April",1994,"21:50","winter",-54.8713764620295,52.6496151694629,"available",NA,NA,NA,NA,NA,NA,NA,NA,NA,NA,"19940404",230087.510821145,-53.0668743926775,50.9103965791138
"distance...135",32673,"X12082",791,"1994-04-04",4,"April",1994,"21:50","winter",-54.8617861281689,52.5946674554133,"available",NA,NA,NA,NA,NA,NA,NA,NA,NA,NA,"19940404",224623.788578022,-53.1007793186741,50.8970425630756
"distance...136",32674,"X12082",791,"1994-04-04",4,"April",1994,"21:50","winter",-54.8425693164088,52.8545724600153,"available",NA,NA,NA,NA,NA,NA,NA,NA,NA,NA,"19940404",240681.176979778,-51.7721599661136,54.0013076573054
"distance...137",32675,"X12082",791,"1994-04-04",4,"April",1994,"21:50","winter",-54.795663107976,52.1920070517498,"available",NA,NA,NA,NA,NA,NA,NA,NA,NA,NA,"19940404",184714.752398174,-53.3510465395647,50.7979274019796
"distance...138",32676,"X12082",791,"1994-04-04",4,"April",1994,"21:50","winter",-54.7917445222346,52.1797524708771,"available",NA,NA,NA,NA,NA,NA,NA,NA,NA,NA,"19940404",183427.986666269,-53.3573283120325,50.7954272396549
"distance...139",32677,"X12082",791,"1994-04-04",4,"April",1994,"21:50","winter",-54.7686560797358,53.2152026475987,"available",NA,NA,NA,NA,NA,NA,NA,NA,NA,NA,"19940404",213240.402659422,-52.2142620392068,54.3920973095369
"distance...140",32678,"X12082",791,"1994-04-04",4,"April",1994,"21:50","winter",-54.7246830463931,52.7243431364519,"available",NA,NA,NA,NA,NA,NA,NA,NA,NA,NA,"19940404",231596.786352929,-52.911773837183,50.9712625255634
"distance...141",32679,"X12082",791,"1994-04-04",4,"April",1994,"21:50","winter",-54.6542914033087,52.1503224929329,"available",NA,NA,NA,NA,NA,NA,NA,NA,NA,NA,"19940404",175539.769799063,-53.2844263298434,50.8244051510506
"distance...142",32680,"X12082",791,"1994-04-04",4,"April",1994,"21:50","winter",-54.6505621532035,52.6322939982686,"available",NA,NA,NA,NA,NA,NA,NA,NA,NA,NA,"19940404",220284.711404699,-52.928764313936,50.9646127890444
"distance...143",32681,"X12082",791,"1994-04-04",4,"April",1994,"21:50","winter",-54.6504920251556,52.3870134484992,"available",NA,NA,NA,NA,NA,NA,NA,NA,NA,NA,"19940404",197440.422517412,-53.1086479689565,50.893940860002
"distance...144",32682,"X12082",791,"1994-04-04",4,"April",1994,"21:50","winter",-54.5869270826733,52.4173460280091,"available",NA,NA,NA,NA,NA,NA,NA,NA,NA,NA,"19940404",197902.351805321,-53.0427750357822,50.9198778635117
"distance...145",32683,"X12082",791,"1994-04-04",4,"April",1994,"21:50","winter",-54.5562144601218,52.5605042230841,"available",NA,NA,NA,NA,NA,NA,NA,NA,NA,NA,"19940404",210104.593282502,-52.9167675668858,50.9693085327761
"distance...146",32684,"X12082",791,"1994-04-04",4,"April",1994,"21:50","winter",-54.5332770112027,52.5638341748927,"available",NA,NA,NA,NA,NA,NA,NA,NA,NA,NA,"19940404",209566.395765119,-52.898574847264,50.9764253283814
"distance...147",32685,"X12082",791,"1994-04-04",4,"April",1994,"21:50","winter",-54.4816439812389,52.2434249971234,"available",NA,NA,NA,NA,NA,NA,NA,NA,NA,NA,"19940404",177774.446028029,-53.0974803950129,50.8983426681049
"distance...148",32686,"X12082",791,"1994-04-04",4,"April",1994,"21:50","winter",-54.4678935633572,52.7620854529282,"available",NA,NA,NA,NA,NA,NA,NA,NA,NA,NA,"19940404",220531.654132802,-51.2634906143345,53.1943150618141
"distance...149",32687,"X12082",791,"1994-04-04",4,"April",1994,"21:50","winter",-54.4421018259152,52.4812388759185,"available",NA,NA,NA,NA,NA,NA,NA,NA,NA,NA,"19940404",198491.578595163,-52.896371668982,50.9772868473905
"distance...150",32688,"X12082",791,"1994-04-04",4,"April",1994,"21:50","winter",-54.3959292692959,52.7052152856093,"available",NA,NA,NA,NA,NA,NA,NA,NA,NA,NA,"19940404",217448.863297365,-51.2634906143345,53.1943150618141
"distance...151",32689,"X12082",791,"1994-04-04",4,"April",1994,"21:50","winter",-54.3743575790272,52.8054633898814,"available",NA,NA,NA,NA,NA,NA,NA,NA,NA,NA,"19940404",213272.97875243,-51.2634906143345,53.1943150618141
"distance...152",32690,"X12082",791,"1994-04-04",4,"April",1994,"21:50","winter",-54.368931927362,52.4678626743931,"available",NA,NA,NA,NA,NA,NA,NA,NA,NA,NA,"19940404",194538.800334906,-52.8557251318885,50.9931678589395
"distance...153",32691,"X12082",791,"1994-04-04",4,"April",1994,"21:50","winter",-54.3623685798842,52.47717877738,"available",NA,NA,NA,NA,NA,NA,NA,NA,NA,NA,"19940404",195166.160382505,-52.8443851580456,50.9975940380773
"distance...154",33049,"X12086",795,"1994-04-04",4,"April",1994,"23:27","winter",-62.5163669033109,58.8606034469819,"available",NA,NA,NA,NA,NA,NA,NA,NA,NA,NA,"19940404",303135.728456703,-57.3005388789981,59.3112032949558
"distance...155",33050,"X12086",795,"1994-04-04",4,"April",1994,"23:27","winter",-62.461003652588,58.9314858116155,"available",NA,NA,NA,NA,NA,NA,NA,NA,NA,NA,"19940404",298488.71697688,-57.3005388789981,59.3112032949558
"distance...156",33051,"X12086",795,"1994-04-04",4,"April",1994,"23:27","winter",-62.4,58.117,"used",20,535349.48501,6441893.4189,158.380832148759,23.8951454324673,5,4.77902908649346,0.199126211937227,199.126211937227,0.0553128366492298,"19940404",319360.260232157,-57.1237382477894,58.8909592797079
"distance...157",33052,"X12086",795,"1994-04-04",4,"April",1994,"23:27","winter",-62.3868057383938,58.8657988603952,"available",NA,NA,NA,NA,NA,NA,NA,NA,NA,NA,"19940404",295699.221765868,-57.3005388789981,59.3112032949558
"distance...158",33053,"X12086",795,"1994-04-04",4,"April",1994,"23:27","winter",-62.3134681741085,58.7033854720461,"available",NA,NA,NA,NA,NA,NA,NA,NA,NA,NA,"19940404",295831.067345887,-57.3005388789981,59.3112032949558
"distance...159",33054,"X12086",795,"1994-04-04",4,"April",1994,"23:27","winter",-62.2975299869873,58.619205218435,"available",NA,NA,NA,NA,NA,NA,NA,NA,NA,NA,"19940404",297567.874551833,-57.3005388789981,59.3112032949558
"distance...160",33055,"X12086",795,"1994-04-04",4,"April",1994,"23:27","winter",-62.2663878826899,58.9274705681864,"available",NA,NA,NA,NA,NA,NA,NA,NA,NA,NA,"19940404",287549.948100394,-57.3005388789981,59.3112032949558
"distance...161",33056,"X12086",795,"1994-04-04",4,"April",1994,"23:27","winter",-62.2619793626216,58.9059811518417,"available",NA,NA,NA,NA,NA,NA,NA,NA,NA,NA,"19940404",287753.61013941,-57.3005388789981,59.3112032949558
"distance...162",33057,"X12086",795,"1994-04-04",4,"April",1994,"23:27","winter",-62.1729587254895,58.5727968320688,"available",NA,NA,NA,NA,NA,NA,NA,NA,NA,NA,"19940404",292248.65261863,-57.3005388789981,59.3112032949558
"distance...163",33058,"X12086",795,"1994-04-04",4,"April",1994,"23:27","winter",-62.1138201782736,58.9163740031791,"available",NA,NA,NA,NA,NA,NA,NA,NA,NA,NA,"19940404",279153.33743114,-57.3005388789981,59.3112032949558
"distance...164",33059,"X12086",795,"1994-04-04",4,"April",1994,"23:27","winter",-62.0701985308847,58.9085663248165,"available",NA,NA,NA,NA,NA,NA,NA,NA,NA,NA,"19940404",276857.614448553,-57.3005388789981,59.3112032949558
"distance...165",33060,"X12086",795,"1994-04-04",4,"April",1994,"23:27","winter",-62.0440451080202,58.6306679773625,"available",NA,NA,NA,NA,NA,NA,NA,NA,NA,NA,"19940404",283129.530579751,-57.3005388789981,59.3112032949558
"distance...166",33061,"X12086",795,"1994-04-04",4,"April",1994,"23:27","winter",-62.0308295973046,58.6562636972365,"available",NA,NA,NA,NA,NA,NA,NA,NA,NA,NA,"19940404",281549.330796546,-57.3005388789981,59.3112032949558
"distance...167",33062,"X12086",795,"1994-04-04",4,"April",1994,"23:27","winter",-61.9874899239129,58.4657254741443,"available",NA,NA,NA,NA,NA,NA,NA,NA,NA,NA,"19940404",285074.611597331,-57.211508376476,59.1010134977355
"distance...168",33063,"X12086",795,"1994-04-04",4,"April",1994,"23:27","winter",-61.9615479278116,58.2731320421549,"available",NA,NA,NA,NA,NA,NA,NA,NA,NA,NA,"19940404",289637.923972622,-57.1237382477894,58.8909592797079
"distance...169",33064,"X12086",795,"1994-04-04",4,"April",1994,"23:27","winter",-61.9204557622387,58.2198927250604,"available",NA,NA,NA,NA,NA,NA,NA,NA,NA,NA,"19940404",288998.390293606,-57.1237382477894,58.8909592797079
"distance...170",33065,"X12086",795,"1994-04-04",4,"April",1994,"23:27","winter",-61.9154885619047,58.6549227528496,"available",NA,NA,NA,NA,NA,NA,NA,NA,NA,NA,"19940404",275197.640673336,-57.3005388789981,59.3112032949558
"distance...171",33066,"X12086",795,"1994-04-04",4,"April",1994,"23:27","winter",-61.8278709325394,58.6050383970314,"available",NA,NA,NA,NA,NA,NA,NA,NA,NA,NA,"19940404",272064.797211947,-57.211508376476,59.1010134977355
"distance...172",33067,"X12086",795,"1994-04-04",4,"April",1994,"23:27","winter",-61.8114778466481,58.4063969618445,"available",NA,NA,NA,NA,NA,NA,NA,NA,NA,NA,"19940404",277219.699726118,-57.211508376476,59.1010134977355
"distance...173",33068,"X12086",795,"1994-04-04",4,"April",1994,"23:27","winter",-61.7240197584361,58.144972861118,"available",NA,NA,NA,NA,NA,NA,NA,NA,NA,NA,"19940404",280315.523667929,-57.0372023203657,58.681043405113
"distance...174",33069,"X12086",795,"1994-04-04",4,"April",1994,"23:27","winter",-61.7144014827307,58.7551221585757,"available",NA,NA,NA,NA,NA,NA,NA,NA,NA,NA,"19940404",260850.590611258,-57.3005388789981,59.3112032949558
"distance...175",33070,"X12086",795,"1994-04-04",4,"April",1994,"23:27","winter",-61.6748044774259,58.7387650668746,"available",NA,NA,NA,NA,NA,NA,NA,NA,NA,NA,"19940404",259143.493322447,-57.3005388789981,59.3112032949558
"distance...176",33071,"X12086",795,"1994-04-04",4,"April",1994,"23:27","winter",-61.5913808080454,58.6806951497821,"available",NA,NA,NA,NA,NA,NA,NA,NA,NA,NA,"19940404",256399.798751354,-57.3005388789981,59.3112032949558
"distance...177",33072,"X12086",795,"1994-04-04",4,"April",1994,"23:27","winter",-61.5854649900532,58.1891923310918,"available",NA,NA,NA,NA,NA,NA,NA,NA,NA,NA,"19940404",271214.398205559,-57.0372023203657,58.681043405113
"distance...178",33073,"X12086",795,"1994-04-04",4,"April",1994,"23:27","winter",-61.5426765922209,58.6277200575698,"available",NA,NA,NA,NA,NA,NA,NA,NA,NA,NA,"19940404",255364.896771556,-57.211508376476,59.1010134977355
"distance...179",33074,"X12086",795,"1994-04-04",4,"April",1994,"23:27","winter",-61.5385906251746,58.7641841703118,"available",NA,NA,NA,NA,NA,NA,NA,NA,NA,NA,"19940404",250783.312090912,-57.3005388789981,59.3112032949558
"distance...180",33075,"X12086",795,"1994-04-04",4,"April",1994,"23:27","winter",-61.5025853281105,58.3674779460043,"available",NA,NA,NA,NA,NA,NA,NA,NA,NA,NA,"19940404",260921.658789118,-57.1237382477894,58.8909592797079
"distance...181",33076,"X12086",795,"1994-04-04",4,"April",1994,"23:27","winter",-61.4977136178334,58.6541610883692,"available",NA,NA,NA,NA,NA,NA,NA,NA,NA,NA,"19940404",252138.853646168,-57.211508376476,59.1010134977355
"distance...182",33077,"X12086",795,"1994-04-04",4,"April",1994,"23:27","winter",-61.4895371991279,58.2342899237195,"available",NA,NA,NA,NA,NA,NA,NA,NA,NA,NA,"19940404",264363.426245248,-57.1237382477894,58.8909592797079
"distance...183",33078,"X12086",795,"1994-04-04",4,"April",1994,"23:27","winter",-61.4750736262909,58.7770635386285,"available",NA,NA,NA,NA,NA,NA,NA,NA,NA,NA,"19940404",246856.621220171,-57.3005388789981,59.3112032949558
"distance...184",33079,"X12086",795,"1994-04-04",4,"April",1994,"23:27","winter",-61.4523121879711,58.7518655920825,"available",NA,NA,NA,NA,NA,NA,NA,NA,NA,NA,"19940404",246368.163249213,-57.3005388789981,59.3112032949558
"distance...185",33080,"X12086",795,"1994-04-04",4,"April",1994,"23:27","winter",-61.4397612986872,58.7191539239898,"available",NA,NA,NA,NA,NA,NA,NA,NA,NA,NA,"19940404",246728.36759888,-57.3005388789981,59.3112032949558
"distance...186",33081,"X12086",795,"1994-04-04",4,"April",1994,"23:27","winter",-61.4364178061069,58.2289242173096,"available",NA,NA,NA,NA,NA,NA,NA,NA,NA,NA,"19940404",261581.618235554,-57.1237382477894,58.8909592797079
"distance...187",33082,"X12086",795,"1994-04-04",4,"April",1994,"23:27","winter",-61.4234973001991,58.6934381132678,"available",NA,NA,NA,NA,NA,NA,NA,NA,NA,NA,"19940404",246696.535168976,-57.3005388789981,59.3112032949558
"distance...188",33083,"X12086",795,"1994-04-04",4,"April",1994,"23:27","winter",-61.3768193698436,58.4611269609077,"available",NA,NA,NA,NA,NA,NA,NA,NA,NA,NA,"19940404",251195.041018193,-57.211508376476,59.1010134977355
"distance...189",33084,"X12086",795,"1994-04-04",4,"April",1994,"23:27","winter",-61.364081941814,58.0109055623868,"available",NA,NA,NA,NA,NA,NA,NA,NA,NA,NA,"19940404",264099.35163767,-57.0372023203657,58.681043405113
"distance...190",33085,"X12086",795,"1994-04-04",4,"April",1994,"23:27","winter",-61.3474050146925,58.2299210685172,"available",NA,NA,NA,NA,NA,NA,NA,NA,NA,NA,"19940404",256550.172371068,-57.0372023203657,58.681043405113
"distance...191",33086,"X12086",795,"1994-04-04",4,"April",1994,"23:27","winter",-61.3378610386699,57.7492375651054,"available",NA,NA,NA,NA,NA,NA,NA,NA,NA,NA,"19940404",270328.356158421,-56.8677318975661,58.2616374867023
"distance...192",33087,"X12086",795,"1994-04-04",4,"April",1994,"23:27","winter",-61.2466460723909,58.6731671988872,"available",NA,NA,NA,NA,NA,NA,NA,NA,NA,NA,"19940404",237470.937338832,-57.211508376476,59.1010134977355
"distance...193",33088,"X12086",795,"1994-04-04",4,"April",1994,"23:27","winter",-61.212431659722,57.6877286901656,"available",NA,NA,NA,NA,NA,NA,NA,NA,NA,NA,"19940404",264870.755582839,-56.8677318975661,58.2616374867023
"distance...194",33089,"X12086",795,"1994-04-04",4,"April",1994,"23:27","winter",-61.2116876742574,57.6021808995228,"available",NA,NA,NA,NA,NA,NA,NA,NA,NA,NA,"19940404",267579.160613612,-56.8677318975661,58.2616374867023
"distance...195",33090,"X12086",795,"1994-04-04",4,"April",1994,"23:27","winter",-61.2035824240552,58.4977889836154,"available",NA,NA,NA,NA,NA,NA,NA,NA,NA,NA,"19940404",240319.819096378,-57.211508376476,59.1010134977355
"distance...196",33091,"X12086",795,"1994-04-04",4,"April",1994,"23:27","winter",-61.2016018890024,58.4620375335736,"available",NA,NA,NA,NA,NA,NA,NA,NA,NA,NA,"19940404",241306.735288065,-57.1237382477894,58.8909592797079
"distance...197",33092,"X12086",795,"1994-04-04",4,"April",1994,"23:27","winter",-61.2009113622302,58.1336038692747,"available",NA,NA,NA,NA,NA,NA,NA,NA,NA,NA,"19940404",250885.538746345,-57.0372023203657,58.681043405113
"distance...198",33093,"X12086",795,"1994-04-04",4,"April",1994,"23:27","winter",-61.1957188056017,58.3151791428795,"available",NA,NA,NA,NA,NA,NA,NA,NA,NA,NA,"19940404",245216.502242595,-57.1237382477894,58.8909592797079
"distance...199",33094,"X12086",795,"1994-04-04",4,"April",1994,"23:27","winter",-61.0972902760863,58.5525662386817,"available",NA,NA,NA,NA,NA,NA,NA,NA,NA,NA,"19940404",232584.672460403,-57.211508376476,59.1010134977355
"distance...200",33095,"X12086",795,"1994-04-04",4,"April",1994,"23:27","winter",-61.0613893055734,58.0782988320744,"available",NA,NA,NA,NA,NA,NA,NA,NA,NA,NA,"19940404",244779.702087299,-57.0372023203657,58.681043405113
"distance...201",33096,"X12086",795,"1994-04-04",4,"April",1994,"23:27","winter",-61.0432104964025,58.212906516193,"available",NA,NA,NA,NA,NA,NA,NA,NA,NA,NA,"19940404",239629.25585657,-57.0372023203657,58.681043405113
"distance...202",33097,"X12086",795,"1994-04-04",4,"April",1994,"23:27","winter",-61.0402517385669,57.8990770729386,"available",NA,NA,NA,NA,NA,NA,NA,NA,NA,NA,"19940404",248764.66801686,-56.9518751300248,58.4712685866026
"distance...203",33098,"X12086",795,"1994-04-04",4,"April",1994,"23:27","winter",-60.9028543411354,57.9523116259565,"available",NA,NA,NA,NA,NA,NA,NA,NA,NA,NA,"19940404",239297.339543998,-56.9518751300248,58.4712685866026
"distance...204",33099,"X12086",795,"1994-04-04",4,"April",1994,"23:27","winter",-60.8190003291734,58.1426900795273,"available",NA,NA,NA,NA,NA,NA,NA,NA,NA,NA,"19940404",229008.609603326,-57.0372023203657,58.681043405113
