field_1,ID,DATE,DAY,MONTH,YEAR,TIME,LAT,LONG,ROWID
"191",X10709,8-22-92,"22",August,"1992",16:12,64.017,-65.45,"199"
"195",X10709,8-27-92,"27",August,"1992",13:36,64.367,-65.417,"203"
"198",X10700,9-04-92,"4",September,"1992",19:50,63.767,-64.617,"210"
"199",X10709,9-06-92,"6",September,"1992",12:30,64.617,-65.65,"211"
"201",X10703,9-15-92,"15",September,"1992",12:40,64.167,-65.117,"215"
"202",X10703,9-25-92,"25",September,"1992",15:46,64.15,-65.417,"216"
"203",X13284,10-01-92,"1",October,"1992",".",66.462,-62.1,"218"
"204",X13292,10-03-92,"3",October,"1992",".",65.124,-63.444,"219"
"205",X13289,10-03-92,"3",October,"1992",".",65.143,-63.448,"220"
"206",X13284,10-08-92,"8",October,"1992",".",66.445,-62.185,"221"
"207",X13292,10-09-92,"9",October,"1992",".",65.113,-63.441,"222"
"208",X13289,10-09-92,"9",October,"1992",".",65.177,-63.411,"223"
"209",X13289,10-15-92,"15",October,"1992",".",65.214,-63.41,"224"
"210",X10707,10-16-92,"16",October,"1992",16:57,65.233,-63.817,"225"
"211",X13284,10-16-92,"16",October,"1992",".",66.472,-62.063,"226"
"212",X13292,10-21-92,"21",October,"1992",".",65.122,-63.437,"227"
"213",X10707,10-21-92,"21",October,"1992",11:01,65.183,-63.8,"228"
"215",X13284,10-24-92,"24",October,"1992",".",66.472,-62.077,"230"
"216",X10707,10-26-92,"26",October,"1992",14:57,65.2,-63.55,"231"
"217",X13292,10-27-92,"27",October,"1992",".",65.119,-63.392,"232"
"218",X13289,10-27-92,"27",October,"1992",".",65.201,-63.427,"233"
"219",X10707,10-31-92,"31",October,"1992",14:00,65.167,-63.617,"234"
"220",X13284,11-01-92,"1",November,"1992",".",66.457,-62.138,"235"
"223",X13284,11-05-92,"5",November,"1992",".",66.471,-62.032,"238"
"226",X13284,11-09-92,"9",November,"1992",".",66.412,-61.964,"241"
"228",X13292,11-14-92,"14",November,"1992",".",65.22,-63.356,"243"
"254",X10707,12-20-92,"20",December,"1992",11:54,62.45,-64.383,"269"
"281",X10700,2-06-93,"6",February,"1993",19:19,63.85,-65.183,"296"
"283",X10709,2-08-93,"8",February,"1993",12:25,64.5,-65.75,"298"
"301",X10700,3-03-93,"3",March,"1993",19:21,63.867,-65.233,"316"
"306",X10709,3-10-93,"10",March,"1993",17:51,64.5,-65.783,"321"
"310",X10703,3-14-93,"14",March,"1993",15:26,64.167,-65.4,"325"
"312",X10709,3-15-93,"15",March,"1993",11:35,64.5,-65.783,"327"
"314",X10700,3-18-93,"18",March,"1993",19:39,63.867,-65.117,"329"
"318",X10709,3-20-93,"20",March,"1993",15:55,64.417,-65.517,"333"
"320",X10700,3-23-93,"23",March,"1993",22:01,63.817,-65.033,"335"
"323",X10709,3-25-93,"25",March,"1993",11:22,64.55,-65.5,"338"
"325",X10700,3-28-93,"28",March,"1993",19:17,63.85,-65.183,"340"
"333",X10700,4-02-93,"2",April,"1993",18:15,63.85,-65.117,"348"
"334",X10703,4-03-93,"3",April,"1993",18:06,64.167,-65.283,"349"
"337",X10709,4-04-93,"4",April,"1993",12:55,64.4,-65.317,"352"
"348",X10700,4-12-93,"12",April,"1993",17:55,63.95,-64.7,"364"
"355",X10700,4-17-93,"17",April,"1993",19:45,64,-64.3,"371"
"410",X10700,5-22-93,"22",May,"1993",19:51,62.417,-64.55,"427"
"501",X10703,8-01-93,"1",August,"1993",13:33,65.133,-63.567,"521"
"507",X10703,8-06-93,"6",August,"1993",16:43,65.183,-63.867,"530"
"510",X13292,8-11-93,"11",August,"1993",".",64.897,-63.569,"533"
"511",X10703,8-11-93,"11",August,"1993",18:32,65.233,-63.833,"534"
"514",X10700,8-15-93,"15",August,"1993",17:43,66.35,-61.567,"537"
"515",X10703,8-16-93,"16",August,"1993",14:15,65.217,-63.833,"538"
"516",X13292,8-17-93,"17",August,"1993",".",64.897,-63.569,"539"
"521",X10709,8-22-93,"22",August,"1993",17:56,64.417,-65.067,"544"
"523",X13292,8-23-93,"23",August,"1993",".",64.897,-63.569,"546"
"526",X13292,8-29-93,"29",August,"1993",".",64.897,-63.569,"549"
"527",X13289,8-29-93,"29",August,"1993",".",64.948,-63.304,"550"
"528",X10700,8-30-93,"30",August,"1993",18:03,66.567,-61.417,"551"
"529",X10709,9-01-93,"1",September,"1993",14:03,64.767,-65.6,"552"
"530",X13292,9-04-93,"4",September,"1993",".",64.897,-63.569,"554"
"532",X10700,9-09-93,"9",September,"1993",21:08,66.6,-61.433,"556"
"534",X13292,9-10-93,"10",September,"1993",".",64.897,-63.569,"558"
"535",X10709,9-11-93,"11",September,"1993",13:58,64.683,-66.133,"559"
"536",X10700,9-14-93,"14",September,"1993",20:02,66.633,-61.367,"560"
"537",X13292,9-16-93,"16",September,"1993",".",64.897,-63.569,"561"
"538",X10700,9-19-93,"19",September,"1993",20:53,66.583,-61.417,"562"
"539",X10707,9-21-93,"21",September,"1993",16:55,65.5,-64.583,"563"
"540",X13292,9-22-93,"22",September,"1993",".",64.897,-63.569,"564"
"541",X13289,9-22-93,"22",September,"1993",".",65.091,-63.723,"565"
"542",X10700,9-24-93,"24",September,"1993",17:57,66.567,-61.383,"566"
"544",X10709,9-26-93,"26",September,"1993",11:48,64.667,-65.9,"569"
"545",X13292,9-28-93,"28",September,"1993",".",64.897,-63.569,"571"
"546",X13289,9-28-93,"28",September,"1993",".",65.091,-63.723,"572"
"547",X10700,9-29-93,"29",September,"1993",20:18,66.567,-61.383,"573"
"548",X10703,9-30-93,"30",September,"1993",15:24,64.5,-65.117,"574"
"550",X10709,10-01-93,"1",October,"1993",15:00,64.55,-65.85,"576"
"551",X13292,10-04-93,"4",October,"1993",".",64.897,-63.569,"577"
"552",X10700,10-04-93,"4",October,"1993",19:18,66.567,-61.433,"579"
"553",X10709,10-06-93,"6",October,"1993",12:15,64.567,-65.767,"580"
"554",X13428,10-07-93,"7",October,"1993",".",66.433,-61.874,"582"
"556",X10700,10-09-93,"9",October,"1993",18:16,66.567,-61.4,"584"
"557",X13292,10-10-93,"10",October,"1993",".",64.897,-63.569,"585"
"558",X13289,10-10-93,"10",October,"1993",".",65.091,-63.723,"586"
"559",X13437,10-13-93,"13",October,"1993",".",66.409,-61.789,"587"
"560",X13428,10-13-93,"13",October,"1993",".",66.415,-62.23,"588"
"561",X10703,10-15-93,"15",October,"1993",14:58,64.617,-65.417,"589"
"562",X10709,10-16-93,"16",October,"1993",16:53,64.517,-65.833,"590"
"563",X13292,10-16-93,"16",October,"1993",".",64.897,-63.569,"591"
"564",X13289,10-16-93,"16",October,"1993",".",65.091,-63.723,"592"
"565",X10707,10-16-93,"16",October,"1993",11:56,65.517,-64.583,"593"
"568",X13428,10-19-93,"19",October,"1993",".",66.439,-61.901,"596"
"569",X10700,10-19-93,"19",October,"1993",19:37,66.583,-61.367,"597"
"570",X13292,10-22-93,"22",October,"1993",".",64.897,-63.569,"598"
"571",X13289,10-22-93,"22",October,"1993",".",65.091,-63.723,"599"
"573",X13428,10-25-93,"25",October,"1993",".",66.404,-61.985,"601"
"574",X13292,10-28-93,"28",October,"1993",".",64.969,-63.374,"602"
"575",X10709,10-31-93,"31",October,"1993",14:19,64.5,-65.817,"603"
"581",X10703,11-04-93,"4",November,"1993",18:01,64.45,-65.417,"609"
"587",X10707,11-10-93,"10",November,"1993",14:00,65.517,-64.633,"617"
"604",X10709,11-25-93,"25",November,"1993",13:38,64.483,-65,"634"
"616",X10703,12-14-93,"14",December,"1993",16:43,64.233,-64.6,"646"
"641",X10703,1-08-94,"8",January,"1994",14:29,61.45,-64.7,"671"
"729",X10709,3-22-94,"22",March,"1994",1:14,64.5,-65.417,"763"
"839",X13428,4-29-94,"29",April,"1994",".",63.293,-64.051,"878"
"874",X13428,5-11-94,"11",May,"1994",".",65.977,-62.064,"913"
"935",X10709,6-05-94,"5",June,"1994",0:54,64.367,-64.767,"974"
"1017",X12092,8-04-94,"4",August,"1994",19:09,60.35,-64.533,"1057"
"1023",X13289,8-12-94,"12",August,"1994",".",63.767,-64.443,"1063"
"1025",X12092,8-14-94,"14",August,"1994",20:54,60.4,-64.533,"1065"
"1027",X13289,8-18-94,"18",August,"1994",".",63.846,-64.377,"1067"
"1031",X12092,8-24-94,"24",August,"1994",20:37,60.367,-64.567,"1071"
"1036",X13428,9-02-94,"2",September,"1994",".",66.474,-62.167,"1076"
"1038",X13289,9-05-94,"5",September,"1994",".",64.091,-64.511,"1078"
"1039",X13292,9-05-94,"5",September,"1994",".",64.655,-65.247,"1079"
"1041",X12092,9-08-94,"8",September,"1994",20:24,60.383,-64.533,"1081"
"1042",X13428,9-08-94,"8",September,"1994",".",66.474,-62.167,"1082"
"1043",X13746,9-08-94,"8",September,"1994",".",67.253,-63.17,"1083"
"1045",X13746,9-10-94,"10",September,"1994",".",67.26,-63.123,"1085"
"1046",X13289,9-11-94,"11",September,"1994",".",64.109,-64.54,"1086"
"1047",X13746,9-11-94,"11",September,"1994",".",67.257,-63.192,"1087"
"1049",X13746,9-12-94,"12",September,"1994",".",67.156,-63.546,"1089"
"1051",X13746,9-13-94,"13",September,"1994",".",67.16,-63.602,"1091"
"1052",X10700,9-14-94,"14",September,"1994",20:55,66.767,-61.817,"1092"
"1053",X13746,9-14-94,"14",September,"1994",".",67.116,-63.644,"1093"
"1054",X13746,9-15-94,"15",September,"1994",".",67.121,-63.721,"1094"
"1055",X13746,9-16-94,"16",September,"1994",".",67.16,-63.681,"1095"
"1056",X13292,9-17-94,"17",September,"1994",".",64.655,-65.247,"1096"
"1057",X13746,9-17-94,"17",September,"1994",".",67.123,-63.721,"1097"
"1058",X13746,9-18-94,"18",September,"1994",".",67.131,-63.763,"1098"
"1060",X13746,9-21-94,"21",September,"1994",".",67.097,-63.668,"1100"
"1061",X13746,9-22-94,"22",September,"1994",".",67.073,-63.686,"1101"
"1062",X13292,9-23-94,"23",September,"1994",".",64.655,-65.247,"1102"
"1063",X13746,9-23-94,"23",September,"1994",".",67.075,-63.771,"1103"
"1064",X13746,9-24-94,"24",September,"1994",".",67.066,-63.801,"1104"
"1065",X13746,9-25-94,"25",September,"1994",".",67.064,-63.775,"1105"
"1066",X13428,9-26-94,"26",September,"1994",".",66.474,-62.167,"1106"
"1069",X13746,9-28-94,"28",September,"1994",".",67.088,-63.871,"1109"
"1071",X13746,9-29-94,"29",September,"1994",".",67.088,-63.871,"1111"
"1072",X13746,9-30-94,"30",September,"1994",".",67.088,-63.871,"1112"
"1073",X13746,10-01-94,"1",October,"1994",".",67.088,-63.871,"1113"
"1075",X13428,10-02-94,"2",October,"1994",".",66.474,-62.167,"1115"
"1076",X13746,10-02-94,"2",October,"1994",".",67.088,-63.871,"1116"
"1077",X12080,10-03-94,"3",October,"1994",18:39,64.117,-64.617,"1117"
"1078",X13746,10-03-94,"3",October,"1994",".",67.088,-63.871,"1118"
"1079",X13289,10-05-94,"5",October,"1994",".",64.124,-64.447,"1119"
"1080",X13746,10-05-94,"5",October,"1994",".",67.088,-63.871,"1120"
"1082",X13746,10-07-94,"7",October,"1994",".",67.088,-63.871,"1122"
"1083",X12080,10-08-94,"8",October,"1994",21:04,64.133,-64.517,"1123"
"1084",X13428,10-08-94,"8",October,"1994",".",66.474,-62.167,"1124"
"1085",X13746,10-08-94,"8",October,"1994",".",67.088,-63.871,"1125"
"1086",X13746,10-09-94,"9",October,"1994",".",67.088,-63.871,"1126"
"1087",X13746,10-10-94,"10",October,"1994",".",67.088,-63.871,"1127"
"1088",X13289,10-11-94,"11",October,"1994",".",64.133,-64.486,"1128"
"1089",X13746,10-11-94,"11",October,"1994",".",67.088,-63.871,"1129"
"1090",X13746,10-12-94,"12",October,"1994",".",67.088,-63.871,"1130"
"1091",X12092,10-13-94,"13",October,"1994",20:55,60.367,-64.583,"1131"
"1093",X13746,10-13-94,"13",October,"1994",".",67.088,-63.871,"1133"
"1094",X13746,10-16-94,"16",October,"1994",".",67.088,-63.871,"1134"
"1097",X13746,10-17-94,"17",October,"1994",".",67.088,-63.871,"1137"
"1098",X12092,10-18-94,"18",October,"1994",18:55,60.383,-64.567,"1138"
"1100",X13428,10-20-94,"20",October,"1994",".",66.474,-62.167,"1140"
"1102",X12080,10-23-94,"23",October,"1994",19:36,63.85,-64.233,"1142"
"1103",X13289,10-23-94,"23",October,"1994",".",64.475,-65.262,"1143"
"1104",X13292,10-23-94,"23",October,"1994",".",64.655,-65.247,"1144"
"1105",X13746,10-23-94,"23",October,"1994",".",67.088,-63.871,"1145"
"1106",X13746,10-25-94,"25",October,"1994",".",67.088,-63.871,"1146"
"1107",X13428,10-26-94,"26",October,"1994",".",66.474,-62.167,"1147"
"1108",X13746,10-27-94,"27",October,"1994",".",67.088,-63.871,"1148"
"1110",X13746,10-28-94,"28",October,"1994",".",67.088,-63.871,"1150"
"1112",X13746,10-29-94,"29",October,"1994",".",67.088,-63.871,"1152"
"1113",X13746,10-30-94,"30",October,"1994",".",67.088,-63.871,"1153"
"1114",X13746,10-31-94,"31",October,"1994",".",67.088,-63.871,"1154"
"1116",X13428,11-01-94,"1",November,"1994",".",66.474,-62.167,"1156"
"1117",X12080,11-02-94,"2",November,"1994",20:50,63.817,-64.15,"1157"
"1118",X13289,11-04-94,"4",November,"1994",".",64.431,-65.379,"1158"
"1119",X13292,11-04-94,"4",November,"1994",".",64.655,-65.247,"1159"
"1121",X12092,11-07-94,"7",November,"1994",21:54,60.333,-64.517,"1161"
"1122",X13428,11-07-94,"7",November,"1994",".",66.474,-62.167,"1162"
"1123",X13746,11-07-94,"7",November,"1994",".",67.088,-63.871,"1163"
"1125",X12092,11-12-94,"12",November,"1994",21:47,60.317,-64.517,"1165"
"1126",X12080,11-12-94,"12",November,"1994",22:13,63.567,-63.983,"1166"
"1127",X13746,11-13-94,"13",November,"1994",".",67.088,-63.871,"1167"
"1130",X13289,11-16-94,"16",November,"1994",".",64.615,-65.287,"1170"
"1132",X13428,11-19-94,"19",November,"1994",".",66.474,-62.167,"1172"
"1135",X12080,11-22-94,"22",November,"1994",18:28,63.55,-64.583,"1175"
"1136",X13289,11-22-94,"22",November,"1994",".",64.636,-65.404,"1176"
"1137",X13292,11-22-94,"22",November,"1994",".",64.655,-65.247,"1177"
"1139",X13428,11-25-94,"25",November,"1994",".",66.474,-62.167,"1179"
"1147",X13428,12-01-94,"1",December,"1994",".",66.474,-62.167,"1187"
"1149",X13437,12-03-94,"3",December,"1994",".",63.419,-63.919,"1189"
"1152",X12092,12-07-94,"7",December,"1994",18:44,60.333,-64.5,"1192"
"1155",X13428,12-07-94,"7",December,"1994",".",66.474,-62.167,"1195"
"1158",X12092,12-12-94,"12",December,"1994",20:56,60.333,-64.517,"1198"
"1161",X13428,12-13-94,"13",December,"1994",".",66.474,-62.167,"1201"
"1163",X12092,12-17-94,"17",December,"1994",20:48,60.333,-64.517,"1203"
"1168",X12092,12-22-94,"22",December,"1994",18:59,60.333,-64.5,"1208"
"1169",X13292,12-22-94,"22",December,"1994",".",64.655,-65.247,"1209"
"1171",X13428,12-25-94,"25",December,"1994",".",66.474,-62.167,"1211"
"1174",X12092,12-27-94,"27",December,"1994",19:39,60.333,-64.5,"1214"
"1176",X13292,12-28-94,"28",December,"1994",".",64.655,-65.247,"1216"
"1180",X13428,12-31-94,"31",December,"1994",".",66.474,-62.167,"1220"
"1181",X12092,1-01-95,"1",January,"1995",20:23,60.333,-64.5,"1221"
"1183",X13292,1-03-95,"3",January,"1995",".",64.655,-65.247,"1223"
"1185",X10374,1-05-95,"5",January,"1995",21:08,61.6,-64.983,"1225"
"1188",X13428,1-06-95,"6",January,"1995",".",66.474,-62.167,"1228"
"1189",X13292,1-09-95,"9",January,"1995",".",64.655,-65.247,"1229"
"1195",X10374,1-15-95,"15",January,"1995",23:38,61.617,-64.983,"1236"
"1198",X13428,1-18-95,"18",January,"1995",".",66.474,-62.167,"1239"
"1202",X12092,1-21-95,"21",January,"1995",21:14,60.333,-64.5,"1243"
"1203",X13292,1-21-95,"21",January,"1995",".",64.655,-65.247,"1244"
"1207",X10374,1-25-95,"25",January,"1995",23:25,61.617,-64.983,"1248"
"1208",X12092,1-26-95,"26",January,"1995",20:10,60.35,-64.467,"1249"
"1209",X13292,1-27-95,"27",January,"1995",".",64.655,-65.247,"1250"
"1213",X13428,1-30-95,"30",January,"1995",".",66.474,-62.167,"1254"
"1215",X13292,2-02-95,"2",February,"1995",".",64.655,-65.247,"1256"
"1219",X13428,2-05-95,"5",February,"1995",".",66.474,-62.167,"1261"
"1220",X13292,2-08-95,"8",February,"1995",".",64.655,-65.247,"1262"
"1223",X12092,2-10-95,"10",February,"1995",20:59,60.35,-64.517,"1265"
"1227",X13292,2-14-95,"14",February,"1995",".",64.655,-65.247,"1270"
"1230",X13428,2-17-95,"17",February,"1995",".",66.474,-62.167,"1273"
"1233",X13292,2-20-95,"20",February,"1995",".",64.655,-65.247,"1276"
"1235",X13437,2-23-95,"23",February,"1995",".",63.409,-64.334,"1278"
"1236",X13428,2-23-95,"23",February,"1995",".",66.474,-62.167,"1279"
"1239",X13437,2-26-95,"26",February,"1995",".",63.398,-64.318,"1282"
"1240",X13292,2-26-95,"26",February,"1995",".",64.655,-65.247,"1283"
"1245",X13428,3-01-95,"1",March,"1995",".",66.474,-62.167,"1289"
"1257",X13428,3-07-95,"7",March,"1995",".",66.474,-62.167,"1301"
"1269",X13292,3-16-95,"16",March,"1995",".",64.655,-65.247,"1313"
"1271",X12092,3-17-95,"17",March,"1995",19:59,60.333,-64.517,"1315"
"1274",X13428,3-19-95,"19",March,"1995",".",66.474,-62.167,"1318"
"1284",X13428,3-25-95,"25",March,"1995",".",66.473,-62.254,"1328"
"1291",X13292,3-28-95,"28",March,"1995",".",64.655,-65.247,"1335"
"1305",X13292,4-03-95,"3",April,"1995",".",64.655,-65.247,"1349"
"1442",X13292,8-13-95,"13",August,"1995",".",65.113,-63.418,"1487"
"1446",X13746,8-16-95,"16",August,"1995",".",66.049,-62.551,"1491"
"1447",X13746,8-18-95,"18",August,"1995",".",66.057,-62.578,"1492"
"1449",X13746,8-22-95,"22",August,"1995",".",66.105,-62.724,"1494"
"1453",X13746,8-24-95,"24",August,"1995",".",66.046,-62.89,"1498"
"1454",X13292,8-25-95,"25",August,"1995",".",65.145,-63.5,"1499"
"1455",X13746,8-27-95,"27",August,"1995",".",66.151,-62.882,"1500"
"1456",X13746,8-29-95,"29",August,"1995",".",66.153,-62.933,"1501"
"1457",X13746,8-30-95,"30",August,"1995",".",66.147,-63.051,"1502"
"1458",X13746,8-31-95,"31",August,"1995",".",66.18,-63.082,"1503"
"1460",X13746,9-02-95,"2",September,"1995",".",66.17,-63.096,"1505"
"1462",X12092,9-03-95,"3",September,"1995",21:46,60.25,-64.433,"1507"
"1463",X13746,9-03-95,"3",September,"1995",".",66.184,-63.053,"1508"
"1464",X13746,9-04-95,"4",September,"1995",".",66.22,-62.938,"1509"
"1465",X13746,9-05-95,"5",September,"1995",".",66.204,-63.259,"1510"
"1466",X13746,9-07-95,"7",September,"1995",".",66.316,-63.495,"1511"
"1467",X13746,9-12-95,"12",September,"1995",".",66.321,-63.876,"1512"
"1470",X12080,9-13-95,"13",September,"1995",18:11,62.883,-64.867,"1515"
"1471",X13746,9-16-95,"16",September,"1995",".",66.3,-64.161,"1516"
"1474",X13746,9-20-95,"20",September,"1995",".",66.344,-64.08,"1520"
"1476",X13746,9-22-95,"22",September,"1995",".",66.344,-64.08,"1522"
"1478",X13746,9-26-95,"26",September,"1995",".",66.344,-64.08,"1524"
"1479",X12080,9-28-95,"28",September,"1995",16:15,62.9,-64.883,"1525"
"1480",X13746,9-28-95,"28",September,"1995",".",66.344,-64.08,"1526"
"1481",X13746,10-02-95,"2",October,"1995",".",66.344,-64.08,"1527"
"1483",X13746,10-07-95,"7",October,"1995",".",66.344,-64.08,"1529"
"1484",X12080,10-08-95,"8",October,"1995",17:46,62.883,-64.85,"1530"
"1485",X13746,10-08-95,"8",October,"1995",".",66.344,-64.08,"1531"
"1486",X13746,10-09-95,"9",October,"1995",".",66.344,-64.08,"1532"
"1488",X13746,10-11-95,"11",October,"1995",".",66.344,-64.08,"1534"
"1489",X13746,10-12-95,"12",October,"1995",".",66.344,-64.08,"1535"
"1490",X13746,10-13-95,"13",October,"1995",".",66.344,-64.08,"1536"
"1491",X13746,10-14-95,"14",October,"1995",".",66.344,-64.08,"1537"
"1496",X12080,10-28-95,"28",October,"1995",17:31,62.917,-64.95,"1543"
"1497",X30129,11-01-97,"1",November,"1997",".",61.348,-64.842,"1544"
"1498",X30126,11-01-97,"1",November,"1997",".",61.453,-64.744,"1545"
"1500",X30140,11-04-97,"4",November,"1997",".",60.307,-68.391,"1547"
"1501",X30135,11-04-97,"4",November,"1997",".",60.421,-68.304,"1548"
"1503",X30126,11-07-97,"7",November,"1997",15:20,61.329,-64.76,"1550"
"1504",X30131,11-07-97,"7",November,"1997",16:59,61.353,-64.758,"1551"
"1507",X30131,11-13-97,"13",November,"1997",15:52,61.438,-64.754,"1554"
"1508",X30126,11-13-97,"13",November,"1997",19:15,61.54,-64.756,"1555"
"1510",X30135,11-15-97,"15",November,"1997",15:33,60.398,-68.327,"1557"
"1518",X30129,12-01-97,"1",December,"1997",15:58,61.383,-64.918,"1565"
"1520",X30131,12-01-97,"1",December,"1997",15:55,61.542,-64.739,"1567"
"1526",X30135,12-09-97,"9",December,"1997",17:51,60.557,-68.016,"1573"
"1532",X30129,12-19-97,"19",December,"1997",19:19,61.483,-65.09,"1579"
"1542",X30131,12-31-97,"31",December,"1997",17:10,61.833,-65.806,"1589"
"1586",X30140,3-03-98,"3",March,"1998",19:24,60.151,-70.481,"1633"
"1597",X30129,3-19-98,"19",March,"1998",20:10,62.104,-66.397,"1644"
"1637",X30129,5-30-98,"30",May,"1998",20:25,61.844,-65.78,"1684"
"1639",X30126,6-11-98,"11",June,"1998",19:14,61.495,-64.72,"1686"
"1642",X30126,6-17-98,"17",June,"1998",16:24,61.44,-64.739,"1689"
"1648",X30129,7-05-98,"5",July,"1998",16:27,61.436,-65.08,"1695"
"1650",X30126,7-17-98,"17",July,"1998",19:18,61.374,-64.808,"1697"
"1651",X30129,7-17-98,"17",July,"1998",17:37,61.419,-65.037,"1698"
"1656",X30126,8-16-98,"16",August,"1998",20:10,61.531,-64.724,"1703"
"1658",X30129,8-22-98,"22",August,"1998",17:39,61.365,-64.942,"1705"
"1659",X30129,8-28-98,"28",August,"1998",20:42,61.463,-65.008,"1706"
"1664",X30140,9-11-98,"11",September,"1998",18:57,60.23,-68.241,"1711"
"1665",X30131,9-15-98,"15",September,"1998",16:37,62.48,-64.486,"1712"
"1666",X30129,9-21-98,"21",September,"1998",20:13,61.535,-64.924,"1713"
"1667",X30126,9-21-98,"21",September,"1998",17:10,61.624,-64.78,"1714"
"1670",X30126,9-27-98,"27",September,"1998",16:03,61.601,-64.797,"1717"
"1671",X30140,9-29-98,"29",September,"1998",18:58,60.208,-68.344,"1718"
"1672",X30129,10-03-98,"3",October,"1998",14:17,61.553,-65.053,"1719"
"1673",X30126,10-15-98,"15",October,"1998",16:01,61.445,-64.913,"1720"
"1675",X30131,11-02-98,"2",November,"1998",14:53,62.37,-64.58,"1722"
"1678",X30131,11-14-98,"14",November,"1998",17:12,62.436,-64.349,"1725"
"1679",X30129,11-20-98,"20",November,"1998",17:44,61.54,-65.005,"1726"
"1680",X30131,11-20-98,"20",November,"1998",19:25,62.428,-64.357,"1727"
"1681",X30131,11-26-98,"26",November,"1998",16:39,62.703,-65.314,"1728"
"1682",X30135,11-30-98,"30",November,"1998",22:53,60.409,-68.321,"1729"
"1683",X30126,12-02-98,"2",December,"1998",17:21,61.558,-64.904,"1730"
"1685",X30131,12-08-98,"8",December,"1998",14:58,62.949,-65.527,"1732"
"1689",X30129,12-20-98,"20",December,"1998",13:07,61.526,-64.978,"1736"
"1694",X30131,1-01-99,"1",January,"1999",16:41,59.838,-64.388,"1741"
"1700",X30129,1-07-99,"7",January,"1999",13:12,61.537,-65.029,"1747"
"1701",X30126,1-07-99,"7",January,"1999",13:17,61.554,-64.944,"1748"
"1706",X30126,1-13-99,"13",January,"1999",17:46,61.548,-64.901,"1753"
"1707",X30129,1-19-99,"19",January,"1999",13:46,61.54,-65.041,"1754"
"1713",X30126,1-25-99,"25",January,"1999",18:53,61.547,-64.927,"1760"
"1714",X30129,1-25-99,"25",January,"1999",13:13,61.549,-65.089,"1761"
"1717",X30126,1-31-99,"31",January,"1999",17:45,61.554,-64.894,"1764"
"1718",X30129,1-31-99,"31",January,"1999",17:49,61.585,-64.831,"1765"
"1721",X30129,2-06-99,"6",February,"1999",18:20,61.525,-65.094,"1768"
"1722",X30126,2-06-99,"6",February,"1999",18:20,61.53,-65.019,"1769"
"1725",X30126,2-12-99,"12",February,"1999",13:17,61.552,-64.93,"1772"
"1728",X30126,2-18-99,"18",February,"1999",19:26,61.541,-64.861,"1775"
"1732",X30129,2-24-99,"24",February,"1999",20:26,61.525,-65.014,"1779"
"1736",X30126,3-02-99,"2",March,"1999",13:22,61.552,-64.938,"1783"
"1751",X30126,3-26-99,"26",March,"1999",19:25,61.508,-64.896,"1798"
"1755",X30126,4-01-99,"1",April,"1999",13:56,61.53,-64.932,"1802"
"1797",X30126,6-18-99,"18",June,"1999",13:34,61.461,-65.066,"1844"
"1799",X30126,6-24-99,"24",June,"1999",16:01,61.565,-64.713,"1846"
"1805",X30126,7-06-99,"6",July,"1999",13:35,61.345,-64.754,"1852"
"1807",X30129,7-12-99,"12",July,"1999",14:42,61.418,-65.016,"1854"
"1809",X30129,7-18-99,"18",July,"1999",19:52,61.531,-65.197,"1856"
"1813",X30126,7-24-99,"24",July,"1999",18:47,61.477,-64.949,"1860"
"1814",X30131,7-24-99,"24",July,"1999",20:09,63.315,-65.718,"1861"
"1815",X30129,7-30-99,"30",July,"1999",19:18,61.356,-64.828,"1862"
"1817",X30131,7-30-99,"30",July,"1999",14:43,62.494,-65.015,"1864"
"1818",X30129,8-05-99,"5",August,"1999",14:10,61.367,-64.884,"1865"
"1819",X30126,8-05-99,"5",August,"1999",19:51,61.483,-65.087,"1866"
"1820",X30131,8-05-99,"5",August,"1999",14:09,62.354,-64.668,"1867"
"1821",X30129,8-11-99,"11",August,"1999",13:37,61.337,-64.876,"1868"
"1822",X30126,8-11-99,"11",August,"1999",13:39,61.539,-65.088,"1869"
"1826",X30131,8-17-99,"17",August,"1999",14:43,62.356,-64.634,"1873"
"1827",X30129,8-23-99,"23",August,"1999",18:07,61.501,-65.103,"1874"
"1828",X30126,8-23-99,"23",August,"1999",18:10,61.697,-65.094,"1875"
"1830",X30129,8-29-99,"29",August,"1999",20:22,61.52,-65.11,"1877"
"1831",X30126,8-29-99,"29",August,"1999",13:40,61.607,-64.782,"1878"
"1836",X30131,9-04-99,"4",September,"1999",17:32,62.362,-64.653,"1884"
"1837",X30129,9-10-99,"10",September,"1999",14:13,61.61,-64.747,"1885"
"1839",X30131,9-10-99,"10",September,"1999",14:10,62.444,-64.386,"1887"
"1840",X30129,9-16-99,"16",September,"1999",13:40,63.75,-68.519,"1888"
"1841",X30131,9-16-99,"16",September,"1999",13:40,63.751,-68.529,"1889"
"1843",X30135,12-13-99,"13",December,"1999",14:27,60.304,-68.017,"1891"
"1844",X30140,2-21-00,"21",February,"2000",13:29,60.309,-69.927,"1892"
"1845",X30140,3-04-00,"4",March,"2000",15:28,60.354,-69.669,"1893"
"1850",X30140,4-09-00,"9",April,"2000",18:01,67.104,-69.357,"1898"
"29",X10695,9-19-91,"19",September,"1991",12:40,63.817,-80.317,"31"
"30",X10695,9-20-91,"20",September,"1991",14:40,63.8,-80.333,"32"
"33",X10695,9-23-91,"23",September,"1991",16:57,63.75,-80.333,"35"
"35",X10695,9-25-91,"25",September,"1991",19:48,63.733,-80.183,"37"
"36",X10695,9-26-91,"26",September,"1991",17:57,63.767,-80.183,"38"
"37",X10695,9-27-91,"27",September,"1991",17:46,63.767,-80.2,"39"
"41",X10695,10-02-91,"2",October,"1991",18:47,63.75,-80.2,"43"
"42",X10695,10-08-91,"8",October,"1991",1:21,63.7,-80.567,"44"
"55",X10695,11-29-91,"29",November,"1991",21:54,63.283,-78.3,"57"
"58",X10695,12-09-91,"9",December,"1991",21:46,62.3,-75.767,"60"
"87",X10707,4-07-92,"7",April,"1992",18:26,58.483,-62.667,"89"
"335",X11974,4-04-93,"4",April,"1993",14:27,55.467,-60.233,"350"
"339",X11975,4-05-93,"5",April,"1993",19:20,58.533,-62.767,"354"
"366",X11974,4-24-93,"24",April,"1993",12:22,58.533,-62.95,"382"
"380",X11974,5-04-93,"4",May,"1993",15:11,59.05,-63.233,"397"
"427",X11974,6-03-93,"3",June,"1993",14:39,58.483,-62.6,"444"
"524",X11974,8-27-93,"27",August,"1993",10:21,59.117,-63.467,"547"
"549",X11974,10-01-93,"1",October,"1993",13:22,59.133,-63.617,"575"
"566",X11975,10-17-93,"17",October,"1993",19:59,58.7,-63.167,"594"
"630",X11974,12-30-93,"30",December,"1993",14:22,59.15,-63.65,"660"
"669",X11974,2-03-94,"3",February,"1994",13:28,59.1,-63.683,"699"
"680",X11975,2-14-94,"14",February,"1994",18:56,58.7,-63.167,"710"
"682",X10700,2-16-94,"16",February,"1994",18:36,58.917,-63.167,"712"
"693",X10700,2-26-94,"26",February,"1994",21:44,59.05,-63.283,"723"
"696",X10700,3-03-94,"3",March,"1994",18:52,59.2,-63.4,"726"
"700",X11974,3-05-94,"5",March,"1994",11:01,59.1,-63.633,"730"
"701",X11975,3-06-94,"6",March,"1994",18:14,58.817,-63.05,"731"
"707",X11974,3-10-94,"10",March,"1994",10:50,59.117,-63.717,"738"
"714",X11974,3-15-94,"15",March,"1994",14:08,59.1,-63.683,"746"
"716",X11975,3-16-94,"16",March,"1994",17:53,58.683,-63.117,"748"
"724",X11974,3-20-94,"20",March,"1994",12:09,59.133,-63.683,"757"
"726",X11975,3-21-94,"21",March,"1994",20:13,58.717,-62.967,"759"
"730",X12081,3-23-94,"23",March,"1994",12:59,53.183,-55.833,"764"
"736",X11974,3-25-94,"25",March,"1994",11:09,59.067,-63.45,"771"
"739",X10393,3-27-94,"27",March,"1994",9:01,54.75,-59.85,"774"
"756",X12083,4-04-94,"4",April,"1994",20:12,53.517,-74.3,"792"
"758",X12086,4-04-94,"4",April,"1994",23:27,58.117,-62.4,"795"
"777",X12083,4-09-94,"9",April,"1994",18:03,58.65,-73.583,"814"
"796",X11975,4-15-94,"15",April,"1994",21:12,58.667,-62.9,"834"
"806",X12083,4-19-94,"19",April,"1994",16:30,60.65,-74.65,"845"
"835",X12083,4-29-94,"29",April,"1994",16:17,55.067,-71.25,"874"
"838",X11974,4-29-94,"29",April,"1994",12:57,57.717,-61.7,"877"
"840",X12086,4-30-94,"30",April,"1994",0:29,57.933,-62.617,"879"
"851",X12083,5-04-94,"4",May,"1994",13:03,55.217,-71.8,"890"
"867",X11974,5-09-94,"9",May,"1994",11:00,57.517,-61.667,"906"
"868",X03956,5-10-94,"10",May,"1994",13:58,58.367,-62.55,"907"
"883",X11975,5-15-94,"15",May,"1994",20:40,58.617,-62.883,"922"
"903",X11974,5-24-94,"24",May,"1994",12:18,57.767,-61.867,"942"
"904",X12086,5-24-94,"24",May,"1994",23:47,58.533,-62.717,"943"
"929",X11975,6-04-94,"4",June,"1994",18:15,58.317,-63.3,"968"
"943",X11975,6-09-94,"9",June,"1994",20:37,58.55,-62.733,"982"
"952",X11975,6-14-94,"14",June,"1994",21:15,58.5,-66.583,"991"
"961",X11975,6-19-94,"19",June,"1994",19:27,58.517,-62.8,"1000"
"977",X12086,6-28-94,"28",June,"1994",22:52,58.483,-62.7,"1017"
"978",X11974,6-28-94,"28",June,"1994",12:58,58.85,-63.267,"1018"
"1024",X11975,8-13-94,"13",August,"1994",19:03,58.717,-63,"1064"
"1040",X12086,9-06-94,"6",September,"1994",22:34,57.867,-62.183,"1080"
"1048",X11975,9-12-94,"12",September,"1994",19:39,58.917,-63.15,"1088"
"1074",X11975,10-02-94,"2",October,"1994",18:50,59.317,-63.517,"1114"
"1095",X11975,10-17-94,"17",October,"1994",19:09,59.2,-63.6,"1135"
"1101",X12086,10-21-94,"21",October,"1994",23:02,57.883,-62.15,"1141"
"1115",X11975,11-01-94,"1",November,"1994",19:24,59.05,-63.383,"1155"
"1120",X11975,11-06-94,"6",November,"1994",21:45,58.833,-63.217,"1160"
"1128",X12086,11-16-94,"16",November,"1994",0:00,57.883,-62.133,"1168"
"1129",X11975,11-16-94,"16",November,"1994",21:21,58.8,-63.15,"1169"
"1134",X11975,11-21-94,"21",November,"1994",18:39,58.817,-63.083,"1174"
"1140",X11975,11-26-94,"26",November,"1994",19:18,58.8,-63.133,"1180"
"1143",X12086,11-30-94,"30",November,"1994",23:36,57.883,-62.15,"1183"
"1151",X11975,12-06-94,"6",December,"1994",22:16,58.783,-63.183,"1191"
"1157",X12086,12-11-94,"11",December,"1994",1:01,57.9,-62.133,"1197"
"1166",X11975,12-21-94,"21",December,"1994",21:01,58.733,-63,"1206"
"1177",X12086,12-31-94,"31",December,"1994",0:25,57.883,-62.15,"1217"
"1190",X11975,1-10-95,"10",January,"1995",15:35,58.55,-62.733,"1230"
"1199",X12086,1-19-95,"19",January,"1995",23:56,57.883,-62.117,"1240"
"1204",X12086,1-24-95,"24",January,"1995",23:45,57.883,-62.15,"1245"
"1210",X12086,1-29-95,"29",January,"1995",23:36,57.9,-62.15,"1251"
"1211",X11975,1-30-95,"30",January,"1995",21:33,58.65,-62.867,"1252"
"1222",X12080,2-10-95,"10",February,"1995",20:55,57.933,-62.1,"1264"
"1225",X12086,2-13-95,"13",February,"1995",23:12,57.883,-62.15,"1268"
"1226",X11975,2-14-95,"14",February,"1995",21:08,58.583,-62.95,"1269"
"1228",X12080,2-15-95,"15",February,"1995",16:27,57.883,-62.233,"1271"
"1231",X11975,2-19-95,"19",February,"1995",17:24,58.667,-62.85,"1274"
"1232",X12080,2-20-95,"20",February,"1995",22:19,57.833,-61.767,"1275"
"1242",X12086,2-28-95,"28",February,"1995",22:44,57.883,-62.167,"1286"
"1259",X11975,3-11-95,"11",March,"1995",20:28,58.5,-63.167,"1303"
"1264",X12086,3-15-95,"15",March,"1995",23:58,57.85,-62.15,"1308"
"1266",X11975,3-16-95,"16",March,"1995",17:58,58.517,-62.95,"1310"
"1282",X11974,3-25-95,"25",March,"1995",16:21,58.65,-63.017,"1326"
"1286",X10374,3-26-95,"26",March,"1995",23:22,59.233,-63.417,"1330"
"1293",X11974,3-30-95,"30",March,"1995",12:04,58.65,-63,"1337"
"1295",X12086,3-31-95,"31",March,"1995",5:19,57.883,-62.083,"1339"
"1316",X11974,4-09-95,"9",April,"1995",13:25,58.317,-62.8,"1360"
"1342",X12086,4-21-95,"21",April,"1995",14:07,58.05,-62.333,"1386"
"1387",X12086,5-16-95,"16",May,"1995",13:44,58.1,-62.483,"1431"
"1390",X11975,5-20-95,"20",May,"1995",17:58,58.45,-62.617,"1434"
"1394",X11974,5-24-95,"24",May,"1995",15:38,58,-62.383,"1438"
"1408",X12086,6-10-95,"10",June,"1995",17:34,58.15,-62.517,"1453"
"1416",X11974,6-23-95,"23",June,"1995",12:58,58.417,-62.733,"1461"
"1418",X12086,6-25-95,"25",June,"1995",18:14,58.267,-62.767,"1463"
"1422",X11974,7-03-95,"3",July,"1995",12:41,58.967,-63.3,"1467"
"1450",X11975,8-23-95,"23",August,"1995",15:50,58.867,-63.067,"1495"
"1459",X11974,9-01-95,"1",September,"1995",14:15,58.967,-63.167,"1504"
"1461",X12086,9-03-95,"3",September,"1995",11:54,58.367,-62.55,"1506"
"1487",X11974,10-11-95,"11",October,"1995",15:35,59.1,-63.55,"1533"
"1557",X30135,1-20-98,"20",January,"1998",18:29,58.912,-63.178,"1604"
"1567",X30135,2-01-98,"1",February,"1998",13:48,59.216,-63.484,"1614"
"1591",X30140,3-09-98,"9",March,"1998",13:57,59.314,-69.66,"1638"
"1629",X30140,5-08-98,"8",May,"1998",13:39,58.863,-69.262,"1676"
"1716",X30131,1-31-99,"31",January,"1999",19:29,57.859,-61.931,"1763"
"1727",X30131,2-18-99,"18",February,"1999",20:56,58.789,-62.914,"1774"
"1849",X30140,4-03-00,"3",April,"2000",14:28,59.199,-69.388,"1897"
"1853",X30140,1-22-01,"22",January,"2001",17:38,59.223,-69.285,"1901"
